NUM_OPER;FECHA_CORTE;PRODUCTO_COD;TIPOPERSONACOD;MONTOCREDITO;FECHACONCESION;FECHAVENCIMIENTO;PLAZO_ORIGINAL_MESES;PLAZO;MONTOCUOTA;PERIOD_PAGO;TIPOTASACOD;TASAINTERES;TIPOCREDITOCOD;CALIFICACIONCOD;SALDOCAPITAL_POR_VENCER;SALDOCAPITAL_VENCIDO;SALDOCAPITAL_ND;SALDOCAPITAL_JUDICIAL;SALDOCASTIGADO;SALDOTOTAL;DIASMORA;MORAMAXIMA;MORAPROMEDIO;NUMERORENEGOCIACION;NUMEROVECESMORA_30;NUMEROVECESMORA_60;NUMEROVECESMORA_90;NUMEROVECESMORA_180;NUMEROVECESMORA_360;NUMEROVECESMORA_MAS360
46;31/1/2020;PROD_2;N;15000.0;21/7/2016;4/2/2020;43;1293;379.72;MENS;V;16.05;CONSUMO;E;0.0;1785.7;1071.54;2857.24;0;5714.48;211;211;48;0;2;1;1;2;0;0
51;31/1/2020;PROD_2;N;10000.0;27/7/2016;10/8/2019;37;1109;300.43;MENS;V;16.05;CONSUMO;E;0.0;233.36;0.0;0.0;0;233.36;174;174;45;0;1;1;1;0;0;0
54;31/1/2020;PROD_2;N;20000.0;2/8/2016;10/8/2020;48;1469;446.26;MENS;V;16.05;CONSUMO;C1;3437.49;312.38;0.0;0.0;0;3749.87;52;176;33;0;1;0;1;0;0;0
136;31/1/2020;PROD_2;N;10000.0;28/10/2016;13/11/2019;37;1111;289.1;MENS;V;16.05;CONSUMO;D;0.0;555.48;0.0;0.0;0;555.48;110;110;28;0;1;2;1;0;0;0
178;31/1/2020;PROD_2;N;17000.0;5/12/2016;5/6/2020;42;1278;424.64;MENS;V;16.05;CONSUMO;A1;2124.16;0.0;0.0;0.0;0;2124.16;0;12;4;0;0;0;0;0;0;0
189;31/1/2020;PROD_2;N;15000.0;9/12/2016;20/12/2020;48;1472;343.23;MENS;V;16.05;CONSUMO;B2;3822.24;240.26;0.0;0.0;0;4062.5;42;46;12;0;4;0;0;0;0;0
223;31/1/2020;PROD_2;N;12000.0;23/12/2016;28/12/2019;36;1100;412.86;MENS;V;16.05;CONSUMO;E;0.0;10333.23;666.78;11000.01;0;22000.02;1008;1008;485;0;0;0;0;0;0;366
227;31/1/2020;PROD_2;N;35000.0;28/12/2016;10/1/2021;49;1474;800.72;MENS;V;16.05;CONSUMO;A1;8918.55;0.0;0.0;0.0;0;8918.55;0;79;20;0;2;2;0;0;0;0
231;31/1/2020;PROD_2;N;37000.0;29/12/2016;29/12/2020;48;1461;846.4;MENS;V;16.05;CONSUMO;B2;9428.47;592.48;0.0;0.0;0;10020.95;33;33;10;0;3;0;0;0;0;0
261;31/1/2020;PROD_2;N;15000.0;20/1/2017;5/2/2020;37;1111;424.98;MENS;V;14.9;CONSUMO;A1;535.73;0.0;0.0;0.0;0;535.73;0;23;7;0;0;0;0;0;0;0
269;31/1/2020;PROD_2;N;8000.0;24/1/2017;6/2/2020;37;1108;226.99;MENS;V;16.0;CONSUMO;A1;285.63;0.0;0.0;0.0;0;285.63;0;96;23;0;2;2;1;0;0;0
282;31/1/2020;PROD_2;N;9000.0;27/1/2017;5/2/2020;37;1104;255.38;MENS;V;16.0;CONSUMO;A1;321.23;0.0;0.0;0.0;0;321.23;0;22;5;0;0;0;0;0;0;0
283;31/1/2020;PROD_2;N;20000.0;27/1/2017;4/2/2022;61;1834;391.97;MENS;V;14.9;CONSUMO;A1;8392.4;0.0;0.0;0.0;0;8392.4;0;64;18;0;2;1;0;0;0;0
317;31/1/2020;PROD_2;N;13500.0;13/2/2017;27/2/2022;60;1840;266.02;MENS;V;14.9;CONSUMO;B2;5888.79;186.21;0.0;0.0;0;6075.0;35;51;18;0;13;0;0;0;0;0
334;31/1/2020;PROD_2;N;20000.0;20/2/2017;5/3/2022;61;1839;394.14;MENS;V;14.9;CONSUMO;A1;8724.21;0.0;0.0;0.0;0;8724.21;0;0;0;0;0;0;0;0;0;0
363;31/1/2020;PROD_2;N;3000.0;3/3/2017;15/3/2019;24;742;134.64;MENS;V;16.0;CONSUMO;E;0.0;459.08;0.0;0.0;0;459.08;412;412;142;0;0;1;2;1;1;21
368;31/1/2020;PROD_2;N;20000.0;7/3/2017;10/3/2021;48;1464;460.13;MENS;V;14.9;CONSUMO;A1;5927.8;0.0;0.0;0.0;0;5927.8;0;38;10;0;1;0;0;0;0;0
378;31/1/2020;PROD_2;N;20000.0;9/3/2017;15/3/2021;48;1467;460.13;MENS;V;14.9;CONSUMO;A1;5927.8;0.0;0.0;0.0;0;5927.8;0;34;8;0;1;0;0;0;0;0
414;31/1/2020;PROD_2;N;9000.0;15/3/2017;20/3/2020;36;1101;256.87;MENS;V;16.0;CONSUMO;A1;570.19;0.0;0.0;0.0;0;570.19;0;2;1;0;0;0;0;0;0;0
423;31/1/2020;PROD_2;N;5000.0;17/3/2017;30/3/2019;24;743;225.5;MENS;V;16.0;CONSUMO;E;0.0;2291.71;0.0;2291.71;0;4583.42;550;580;280;0;0;0;0;0;1;220
462;31/1/2020;PROD_2;N;4000.0;28/3/2017;28/9/2019;30;914;142.57;MENS;V;16.0;CONSUMO;E;0.0;1059.94;0.0;1059.94;0;2119.88;337;337;89;0;1;2;2;1;0;0
526;31/1/2020;PROD_2;N;15000.0;17/4/2017;30/4/2022;60;1839;302.3;MENS;V;16.0;CONSUMO;A1;7038.39;0.0;0.0;0.0;0;7038.39;0;28;8;0;0;0;0;0;0;0
531;31/1/2020;PROD_2;N;10000.0;17/4/2017;20/4/2020;36;1099;287.5;MENS;V;16.0;CONSUMO;A1;909.79;0.0;0.0;0.0;0;909.79;0;37;8;0;0;0;0;0;0;0
533;31/1/2020;PROD_2;N;10000.0;18/4/2017;3/5/2021;49;1476;233.03;MENS;V;16.0;CONSUMO;A1;3157.6;0.0;0.0;0.0;0;3157.6;0;0;0;0;0;0;0;0;0;0
538;31/1/2020;PROD_2;N;8000.0;19/4/2017;28/4/2020;36;1105;252.04;MENS;V;16.0;CONSUMO;E;0.0;2454.29;1333.4;3787.69;0;7575.38;429;429;159;0;0;0;1;1;1;38
543;31/1/2020;PROD_2;N;10000.0;20/4/2017;5/11/2020;43;1295;258.05;MENS;V;16.0;CONSUMO;A1;2438.27;0.0;0.0;0.0;0;2438.27;0;52;15;0;1;0;0;0;0;0
612;31/1/2020;PROD_2;N;10000.0;5/5/2017;10/5/2020;36;1101;289.42;MENS;V;16.0;CONSUMO;A1;1186.23;0.0;0.0;0.0;0;1186.23;0;2;1;0;0;0;0;0;0;0
613;31/1/2020;PROD_2;N;8000.0;5/5/2017;6/5/2020;36;1097;231.56;MENS;V;16.0;CONSUMO;A1;947.85;0.0;0.0;0.0;0;947.85;0;0;0;0;0;0;0;0;0;0
636;31/1/2020;PROD_2;N;20000.0;15/5/2017;28/5/2022;60;1839;407.96;MENS;V;16.0;CONSUMO;A2;10333.43;0.0;0.0;0.0;0;10333.43;3;35;10;0;2;0;0;0;0;0
662;31/1/2020;PROD_2;N;10000.0;22/5/2017;7/12/2020;43;1295;259.71;MENS;V;16.0;CONSUMO;A1;2675.2;0.0;0.0;0.0;0;2675.2;0;16;6;0;0;0;0;0;0;0
675;31/1/2020;PROD_2;N;20000.0;25/5/2017;7/6/2022;61;1839;405.44;MENS;V;16.0;CONSUMO;A3;9716.29;283.81;0.0;0.0;0;10000.1;15;79;16;0;1;0;0;0;0;0
705;31/1/2020;PROD_2;N;10000.0;6/6/2017;10/6/2020;36;1100;303.34;MENS;V;16.0;CONSUMO;E;0.0;1366.74;1944.38;3311.12;0;6622.24;205;205;63;0;4;1;1;1;0;0
715;31/1/2020;PROD_2;N;40000.0;8/6/2017;15/6/2022;60;1833;824.06;MENS;V;14.9;CONSUMO;E;0.0;2020.65;20666.57;22687.22;0;45374.44;169;169;65;0;2;4;2;0;0;0
730;31/1/2020;PROD_2;N;8000.0;13/6/2017;26/6/2021;48;1474;212.13;MENS;V;16.0;CONSUMO;E;0.0;2858.15;3333.24;6191.39;0;12382.78;615;615;264;0;0;0;0;0;1;224
735;31/1/2020;PROD_2;N;15000.0;13/6/2017;13/6/2021;48;1461;353.96;MENS;V;16.0;CONSUMO;A1;5377.23;0.0;0.0;0.0;0;5377.23;0;41;11;0;1;0;0;0;0;0
739;31/1/2020;PROD_2;N;16000.0;14/6/2017;15/6/2021;48;1462;382.56;MENS;V;16.0;CONSUMO;C2;0.0;1.86;6333.43;0.0;0;6335.29;77;77;14;0;2;1;0;0;0;0
744;31/1/2020;PROD_2;N;20000.0;16/6/2017;30/6/2022;60;1840;412.65;MENS;V;16.0;CONSUMO;D;0.0;333.33;10666.76;0.0;0;11000.09;93;94;29;0;7;3;2;0;0;0
761;31/1/2020;PROD_2;N;29500.0;19/6/2017;30/6/2020;36;1107;862.11;MENS;V;14.9;CONSUMO;B2;5132.76;603.48;0.0;0.0;0;5736.24;32;32;10;0;2;0;0;0;0;0
764;31/1/2020;PROD_2;N;9000.0;20/6/2017;20/6/2020;36;1096;278.31;MENS;V;16.0;CONSUMO;E;0.0;2000.0;1750.0;3750.0;0;7500.0;286;286;94;0;2;4;1;1;0;0
774;31/1/2020;PROD_2;N;4000.0;21/6/2017;21/12/2019;30;913;139.54;MENS;V;16.0;CONSUMO;E;0.0;311.97;133.43;0.0;0;445.4;132;132;56;0;2;2;6;0;0;0
777;31/1/2020;PROD_2;N;22000.0;22/6/2017;30/6/2022;60;1834;442.99;MENS;V;14.9;CONSUMO;B2;11056.48;310.09;0.0;0.0;0;11366.57;32;32;9;0;1;0;0;0;0;0
792;31/1/2020;PROD_2;N;3000.0;26/6/2017;5/7/2019;25;739;139.79;MENS;V;16.0;CONSUMO;E;0.0;1875.0;0.0;1875.0;0;3750.0;575;605;271;0;0;0;0;0;1;245
800;31/1/2020;PROD_2;N;10000.0;27/6/2017;27/12/2020;42;1279;254.76;MENS;V;16.0;CONSUMO;A1;1868.71;0.0;0.0;0.0;0;1868.71;0;37;14;0;1;0;0;0;0;0
834;31/1/2020;PROD_2;N;10000.0;7/7/2017;10/7/2020;36;1099;293.29;MENS;V;16.0;CONSUMO;A1;1739.08;0.0;0.0;0.0;0;1739.08;0;33;10;0;1;0;0;0;0;0
846;31/1/2020;PROD_2;N;8000.0;10/7/2017;10/7/2020;36;1096;234.65;MENS;V;16.0;CONSUMO;A1;1391.36;0.0;0.0;0.0;0;1391.36;0;1;1;0;0;0;0;0;0;0
849;31/1/2020;PROD_2;N;10000.0;11/7/2017;15/7/2022;60;1830;203.87;MENS;V;16.0;CONSUMO;B1;5023.86;142.71;0.0;0.0;0;5166.57;23;46;11;0;2;0;0;0;0;0
860;31/1/2020;PROD_2;N;8000.0;14/7/2017;16/7/2021;48;1463;177.05;MENS;V;16.0;CONSUMO;B2;1080.86;123.94;0.0;0.0;0;1204.8;41;43;12;0;1;0;0;0;0;0
876;31/1/2020;PROD_2;N;10000.0;18/7/2017;30/7/2021;48;1473;237.41;MENS;V;16.0;CONSUMO;A1;3792.24;0.0;0.0;0.0;0;3792.24;0;19;6;0;0;0;0;0;0;0
883;31/1/2020;PROD_2;N;10000.0;20/7/2017;5/8/2020;37;1112;295.23;MENS;V;16.0;CONSUMO;A1;2015.5;0.0;0.0;0.0;0;2015.5;0;22;8;0;0;0;0;0;0;0
887;31/1/2020;PROD_2;N;10000.0;21/7/2017;30/7/2021;48;1470;238.83;MENS;V;16.0;CONSUMO;A1;3999.58;0.0;0.0;0.0;0;3999.58;0;31;12;0;0;0;0;0;0;0
927;31/1/2020;PROD_2;N;9500.0;3/8/2017;5/2/2021;42;1282;249.91;MENS;V;16.0;CONSUMO;B2;2991.74;174.94;0.0;0.0;0;3166.68;31;61;16;0;2;0;0;0;0;0
941;31/1/2020;PROD_2;N;20000.0;10/8/2017;10/8/2022;60;1826;410.08;MENS;V;16.0;CONSUMO;A1;10379.7;0.0;0.0;0.0;0;10379.7;0;46;12;0;2;0;0;0;0;0
956;31/1/2020;PROD_2;N;30000.0;16/8/2017;26/8/2022;60;1836;614.2;MENS;V;14.9;CONSUMO;C1;16447.28;429.94;0.0;0.0;0;16877.22;66;66;14;0;3;1;0;0;0;0
957;31/1/2020;PROD_2;N;20000.0;17/8/2017;27/8/2021;48;1471;480.61;MENS;V;16.0;CONSUMO;B2;8413.48;336.43;0.0;0.0;0;8749.91;35;35;11;0;4;0;0;0;0;0
958;31/1/2020;PROD_2;N;10000.0;17/8/2017;17/8/2020;36;1096;295.23;MENS;V;16.0;CONSUMO;A1;2013.84;0.0;0.0;0.0;0;2013.84;0;10;4;0;0;0;0;0;0;0
961;31/1/2020;PROD_2;N;10000.0;17/8/2017;1/9/2020;37;1111;299.49;MENS;V;16.0;CONSUMO;C1;2568.08;209.64;0.0;0.0;0;2777.72;61;61;15;0;3;1;0;0;0;0
964;31/1/2020;PROD_2;N;12000.0;18/8/2017;20/8/2020;36;1098;354.3;MENS;V;16.0;CONSUMO;A1;2418.75;0.0;0.0;0.0;0;2418.75;0;6;2;0;0;0;0;0;0;0
968;31/1/2020;PROD_2;N;20000.0;18/8/2017;3/9/2022;61;1842;412.41;MENS;V;16.0;CONSUMO;A1;10711.4;0.0;0.0;0.0;0;10711.4;0;27;9;0;0;0;0;0;0;0
972;31/1/2020;PROD_2;N;10000.0;18/8/2017;2/9/2020;37;1111;297.24;MENS;V;16.0;CONSUMO;A1;2291.87;0.0;0.0;0.0;0;2291.87;0;3;1;0;0;0;0;0;0;0
973;31/1/2020;PROD_2;N;20000.0;22/8/2017;5/9/2021;49;1475;483.71;MENS;V;16.0;CONSUMO;C1;8827.98;338.6;0.0;0.0;0;9166.58;57;96;30;0;6;3;1;0;0;0
1007;31/1/2020;PROD_2;N;10000.0;30/8/2017;10/9/2020;37;1107;297.18;MENS;V;16.0;CONSUMO;B1;2291.91;208.03;0.0;0.0;0;2499.94;19;31;10;0;1;0;0;0;0;0
1012;31/1/2020;PROD_2;N;25000.0;31/8/2017;5/9/2021;49;1466;595.49;MENS;V;14.9;CONSUMO;A1;10520.75;0.0;0.0;0.0;0;10520.75;0;47;10;0;1;0;0;0;0;0
1018;31/1/2020;PROD_2;N;10000.0;4/9/2017;5/9/2020;36;1097;303.94;MENS;V;16.0;CONSUMO;D;0.0;554.57;2777.72;0.0;0;3332.29;118;143;54;0;3;4;4;0;0;0
1026;31/1/2020;PROD_2;N;10000.0;6/9/2017;6/9/2021;48;1461;260.61;MENS;V;16.0;CONSUMO;E;0.0;2645.73;4583.42;7229.15;0;14458.3;451;451;165;0;0;1;1;1;1;60
1053;31/1/2020;PROD_2;N;8000.0;14/9/2017;15/9/2020;36;1097;267.86;MENS;V;16.0;CONSUMO;E;0.0;3999.96;2222.28;6222.24;0;12444.48;534;564;270;0;0;0;0;0;1;204
1085;31/1/2020;PROD_2;N;8000.0;21/9/2017;5/10/2020;37;1110;239.31;MENS;V;16.0;CONSUMO;A1;2054.76;0.0;0.0;0.0;0;2054.76;0;13;4;0;0;0;0;0;0;0
1087;31/1/2020;PROD_2;N;5000.0;21/9/2017;5/10/2020;37;1110;149.56;MENS;V;16.0;CONSUMO;A1;1284.17;0.0;0.0;0.0;0;1284.17;0;40;11;0;1;0;0;0;0;0
1092;31/1/2020;PROD_2;N;8500.0;25/9/2017;5/10/2020;37;1106;258.04;MENS;V;16.0;CONSUMO;B1;0.0;7.54;2597.25;0.0;0;2604.79;26;56;15;0;1;0;0;0;0;0
1111;31/1/2020;PROD_2;N;10000.0;27/9/2017;5/10/2021;49;1469;211.36;MENS;V;16.0;CONSUMO;A1;0.0;0.0;0.0;0.0;0;0.0;0;178;50;0;1;1;2;0;0;0
1115;31/1/2020;PROD_2;N;5000.0;28/9/2017;7/4/2020;31;922;172.49;MENS;V;16.0;CONSUMO;A1;545.84;0.0;0.0;0.0;0;545.84;0;45;12;0;1;0;0;0;0;0
1127;31/1/2020;PROD_2;N;20000.0;29/9/2017;3/10/2021;49;1465;483.55;MENS;V;16.0;CONSUMO;A1;8828.09;0.0;0.0;0.0;0;8828.09;0;40;10;0;1;0;0;0;0;0
1137;31/1/2020;PROD_2;N;10000.0;3/10/2017;5/10/2021;48;1463;241.79;MENS;V;16.0;CONSUMO;A1;4414.17;0.0;0.0;0.0;0;4414.17;0;1;1;0;0;0;0;0;0;0
1138;31/1/2020;PROD_2;N;15000.0;3/10/2017;18/10/2020;36;1111;448.68;MENS;V;16.0;CONSUMO;A1;3852.5;0.0;0.0;0.0;0;3852.5;0;141;36;0;1;1;1;0;0;0
1141;31/1/2020;PROD_2;N;18000.0;4/10/2017;5/10/2020;36;1097;538.43;MENS;V;16.0;CONSUMO;A1;4620.24;0.0;0.0;0.0;0;4620.24;0;2;1;0;0;0;0;0;0;0
1156;31/1/2020;PROD_2;N;4500.0;11/10/2017;13/10/2020;36;1098;134.61;MENS;V;16.0;CONSUMO;A1;1155.77;0.0;0.0;0.0;0;1155.77;0;70;17;0;3;1;0;0;0;0
1160;31/1/2020;PROD_2;N;10000.0;12/10/2017;12/10/2020;36;1096;312.82;MENS;V;16.0;CONSUMO;E;0.0;1666.68;3055.5;4722.18;0;9444.36;233;233;56;0;3;1;1;1;0;0
1169;31/1/2020;PROD_2;N;5000.0;16/10/2017;1/11/2020;37;1112;150.54;MENS;V;16.0;CONSUMO;A2;1422.37;105.38;0.0;0.0;0;1527.75;7;7;1;0;0;0;0;0;0;0
1184;31/1/2020;PROD_2;N;10000.0;20/10/2017;4/11/2021;49;1476;243.24;MENS;V;16.0;CONSUMO;A1;4621.48;0.0;0.0;0.0;0;4621.48;0;70;23;0;5;1;0;0;0;0
1194;31/1/2020;PROD_2;N;12000.0;21/10/2017;21/4/2021;42;1278;319.66;MENS;V;16.0;CONSUMO;A1;4347.78;0.0;0.0;0.0;0;4347.78;0;3;1;0;0;0;0;0;0;0
1197;31/1/2020;PROD_2;N;5000.0;21/10/2017;27/4/2020;30;919;173.69;MENS;V;16.0;CONSUMO;B2;711.67;121.58;0.0;0.0;0;833.25;35;307;112;0;2;0;1;1;0;0
1202;31/1/2020;PROD_2;N;20000.0;24/10/2017;5/11/2022;61;1838;417.05;MENS;V;16.0;CONSUMO;A1;11374.82;0.0;0.0;0.0;0;11374.82;0;77;18;0;3;1;0;0;0;0
1205;31/1/2020;PROD_2;N;15000.0;25/10/2017;5/11/2022;61;1837;337.39;MENS;V;16.0;CONSUMO;E;0.0;3224.79;9000.0;12224.79;0;24449.58;452;452;170;0;0;1;1;1;1;61
1220;31/1/2020;PROD_2;N;20000.0;27/10/2017;27/10/2022;60;1826;417.01;MENS;V;16.0;CONSUMO;B2;11374.84;291.91;0.0;0.0;0;11666.75;35;35;10;0;2;0;0;0;0;0
1221;31/1/2020;PROD_2;N;15000.0;27/10/2017;5/11/2022;61;1835;312.79;MENS;V;16.0;CONSUMO;A1;8531.05;0.0;0.0;0.0;0;8531.05;0;3;1;0;0;0;0;0;0;0
1223;31/1/2020;PROD_2;N;8000.0;27/10/2017;29/10/2020;36;1098;240.84;MENS;V;16.0;CONSUMO;B2;2275.91;168.59;0.0;0.0;0;2444.5;33;42;15;0;3;0;0;0;0;0
1224;31/1/2020;PROD_2;N;10000.0;28/10/2017;5/5/2021;43;1285;259.74;MENS;V;16.0;CONSUMO;A1;2461.14;0.0;0.0;0.0;0;2461.14;0;106;45;0;0;0;0;0;0;0
1227;31/1/2020;PROD_2;N;5000.0;30/10/2017;30/4/2020;30;913;172.47;MENS;V;16.0;CONSUMO;A1;540.54;0.0;0.0;0.0;0;540.54;0;2;1;0;0;0;0;0;0;0
1286;31/1/2020;PROD_2;N;10000.0;17/11/2017;30/11/2021;48;1474;240.9;MENS;V;14.9;CONSUMO;A1;4623.12;0.0;0.0;0.0;0;4623.12;0;1;1;0;0;0;0;0;0;0
1290;31/1/2020;PROD_2;N;15000.0;20/11/2017;5/12/2020;37;1111;451.99;MENS;V;14.9;CONSUMO;B2;4683.53;316.39;0.0;0.0;0;4999.92;34;149;46;0;4;2;1;0;0;0
1291;31/1/2020;PROD_2;N;15000.0;20/11/2017;20/11/2021;48;1461;373.78;MENS;V;14.9;CONSUMO;E;0.0;1388.57;7500.0;8888.57;0;17777.14;134;164;51;0;1;1;1;0;0;0
1295;31/1/2020;PROD_2;N;20000.0;20/11/2017;4/12/2021;49;1475;487.37;MENS;V;14.9;CONSUMO;A1;10075.43;0.0;0.0;0.0;0;10075.43;0;47;18;0;5;0;0;0;0;0
1298;31/1/2020;PROD_2;N;20000.0;21/11/2017;5/12/2020;37;1110;609.9;MENS;V;14.9;CONSUMO;C2;0.0;555.56;7222.12;0.0;0;7777.68;87;87;17;0;2;1;0;0;0;0
1306;31/1/2020;PROD_2;N;4000.0;22/11/2017;7/6/2020;31;928;144.65;MENS;V;14.9;CONSUMO;E;0.0;666.65;933.41;0.0;0;1600.06;147;232;83;0;1;2;2;1;0;0
1317;31/1/2020;PROD_2;N;10000.0;24/11/2017;1/12/2021;49;1468;240.86;MENS;V;14.9;CONSUMO;A1;4614.85;0.0;0.0;0.0;0;4614.85;0;9;3;0;0;0;0;0;0;0
1319;31/1/2020;PROD_2;N;5000.0;24/11/2017;1/12/2020;37;1103;150.68;MENS;V;14.9;CONSUMO;A1;1561.16;0.0;0.0;0.0;0;1561.16;0;3;1;0;0;0;0;0;0;0
1346;31/1/2020;PROD_2;N;50000.0;30/11/2017;30/11/2022;60;1826;1033.91;MENS;V;14.9;CONSUMO;B2;29276.34;723.74;0.0;0.0;0;30000.08;32;35;13;0;5;0;0;0;0;0
1363;31/1/2020;PROD_2;N;5000.0;1/12/2017;5/12/2019;24;734;216.07;MENS;V;14.9;CONSUMO;C2;0.0;72.07;208.41;0.0;0;280.48;87;87;28;0;3;2;0;0;0;0
1372;31/1/2020;PROD_2;N;10000.0;6/12/2017;10/12/2020;36;1100;301.33;MENS;V;14.9;CONSUMO;A1;3122.35;0.0;0.0;0.0;0;3122.35;0;13;4;0;0;0;0;0;0;0
1387;31/1/2020;PROD_2;N;6000.0;7/12/2017;7/6/2021;42;1278;175.5;MENS;V;14.9;CONSUMO;E;0.0;2034.41;2714.22;4748.63;0;9497.26;511;511;209;0;0;0;0;1;1;120
1388;31/1/2020;PROD_2;N;10000.0;7/12/2017;7/12/2021;48;1461;242.27;MENS;V;14.9;CONSUMO;A1;4830.49;0.0;0.0;0.0;0;4830.49;0;23;8;0;0;0;0;0;0;0
1408;31/1/2020;PROD_2;N;30000.0;15/12/2017;15/12/2021;48;1461;726.79;MENS;V;14.9;CONSUMO;A2;14491.25;508.75;0.0;0.0;0;15000.0;6;6;1;0;0;0;0;0;0;0
1434;31/1/2020;PROD_2;N;7000.0;22/12/2017;5/1/2021;37;1110;217.33;MENS;V;14.9;CONSUMO;E;0.0;583.32;2722.32;3305.64;0;6611.28;148;148;39;0;3;1;1;0;0;0
1443;31/1/2020;PROD_2;N;7000.0;26/12/2017;10/1/2021;37;1111;212.21;MENS;V;14.9;CONSUMO;A1;2379.33;0.0;0.0;0.0;0;2379.33;0;49;12;0;1;0;0;0;0;0
1444;31/1/2020;PROD_2;N;28000.0;26/12/2017;5/1/2023;61;1836;639.96;MENS;V;14.9;CONSUMO;E;0.0;8400.06;17733.26;26133.32;0;52266.64;605;605;262;0;0;0;0;0;1;214
1451;31/1/2020;PROD_2;N;15000.0;28/12/2017;5/1/2022;49;1469;365.43;MENS;V;14.9;CONSUMO;A1;7556.7;0.0;0.0;0.0;0;7556.7;0;85;17;0;2;1;0;0;0;0
1454;31/1/2020;PROD_2;N;20000.0;29/12/2017;1/1/2023;61;1829;415.81;MENS;V;14.9;CONSUMO;A1;12042.34;0.0;0.0;0.0;0;12042.34;0;29;8;0;0;0;0;0;0;0
1463;31/1/2020;PROD_2;N;5000.0;3/1/2018;5/1/2021;36;1098;151.57;MENS;V;14.9;CONSUMO;A1;1699.43;0.0;0.0;0.0;0;1699.43;0;61;15;0;1;1;0;0;0;0
1470;31/1/2020;PROD_2;N;20000.0;6/1/2018;6/1/2023;60;1826;429.49;MENS;V;14.9;CONSUMO;E;0.0;1666.65;12666.74;0.0;0;14333.39;209;209;46;0;1;1;1;1;0;0
1481;31/1/2020;PROD_2;N;20000.0;10/1/2018;15/1/2022;48;1466;484.43;MENS;V;14.9;CONSUMO;A1;9459.5;0.0;0.0;0.0;0;9459.5;0;0;0;0;0;0;0;0;0;0
1497;31/1/2020;PROD_2;N;13000.0;13/1/2018;15/1/2022;48;1463;316.71;MENS;V;14.9;CONSUMO;A1;6549.21;0.0;0.0;0.0;0;6549.21;0;74;19;0;3;2;0;0;0;0
1531;31/1/2020;PROD_2;N;5000.0;24/1/2018;6/2/2021;37;1109;154.43;MENS;V;14.9;CONSUMO;C2;0.0;108.57;2083.31;0.0;0;2191.88;86;86;28;0;1;2;0;0;0;0
1550;31/1/2020;PROD_2;N;10000.0;26/1/2018;5/2/2021;37;1106;303.09;MENS;V;14.9;CONSUMO;A1;3247.18;0.0;0.0;0.0;0;3247.18;0;0;0;0;0;0;0;0;0;0
1557;31/1/2020;PROD_2;N;3500.0;30/1/2018;15/2/2020;25;746;150.02;MENS;V;14.9;CONSUMO;C1;332.56;105.01;0.0;0.0;0;437.57;47;95;27;0;4;2;1;0;0;0
1566;31/1/2020;PROD_2;N;15000.0;31/1/2018;15/8/2021;43;1292;406.01;MENS;V;14.9;CONSUMO;B2;6858.71;284.21;0.0;0.0;0;7142.92;32;32;2;0;1;0;0;0;0;0
1571;31/1/2020;PROD_2;N;5000.0;31/1/2018;3/2/2021;37;1099;152.49;MENS;V;14.9;CONSUMO;A1;1837.68;0.0;0.0;0.0;0;1837.68;0;3;1;0;0;0;0;0;0;0
1588;31/1/2020;PROD_2;N;20000.0;6/2/2018;10/2/2021;36;1100;617.63;MENS;V;14.9;CONSUMO;B1;0.0;392.54;8333.24;0.0;0;8725.78;21;75;22;0;2;2;0;0;0;0
1596;31/1/2020;PROD_2;N;20000.0;7/2/2018;9/2/2021;36;1098;609.92;MENS;V;14.9;CONSUMO;A1;7350.74;0.0;0.0;0.0;0;7350.74;0;5;2;0;0;0;0;0;0;0
1598;31/1/2020;PROD_2;N;10000.0;7/2/2018;15/8/2021;42;1285;270.66;MENS;V;14.9;CONSUMO;A1;4572.34;0.0;0.0;0.0;0;4572.34;0;21;7;0;0;0;0;0;0;0
1599;31/1/2020;PROD_2;N;20000.0;8/2/2018;10/2/2022;48;1463;438.52;MENS;V;14.9;CONSUMO;A1;2325.08;0.0;0.0;0.0;0;2325.08;0;111;34;0;3;2;2;0;0;0
1612;31/1/2020;PROD_2;N;10000.0;10/2/2018;15/2/2021;36;1101;304.96;MENS;V;14.9;CONSUMO;A1;3675.37;0.0;0.0;0.0;0;3675.37;0;1;1;0;0;0;0;0;0;0
1619;31/1/2020;PROD_2;N;5000.0;14/2/2018;17/2/2020;24;733;212.51;MENS;V;14.9;CONSUMO;A1;267.98;0.0;0.0;0.0;0;267.98;0;43;9;0;1;0;0;0;0;0
1624;31/1/2020;PROD_2;N;10000.0;15/2/2018;30/8/2021;42;1292;270.65;MENS;V;14.9;CONSUMO;A1;4572.35;0.0;0.0;0.0;0;4572.35;0;6;2;0;0;0;0;0;0;0
1638;31/1/2020;PROD_2;N;7000.0;20/2/2018;28/2/2021;36;1104;214.7;MENS;V;14.9;CONSUMO;A1;2766.47;0.0;0.0;0.0;0;2766.47;0;52;14;0;7;0;0;0;0;0
1642;31/1/2020;PROD_2;N;16000.0;21/2/2018;28/2/2022;48;1468;394.11;MENS;V;14.9;CONSUMO;A1;8724.19;0.0;0.0;0.0;0;8724.19;0;16;6;0;0;0;0;0;0;0
1649;31/1/2020;PROD_2;N;5000.0;22/2/2018;24/2/2021;36;1098;152.48;MENS;V;14.9;CONSUMO;A3;1802.45;106.74;0.0;0.0;0;1909.19;9;9;0;0;0;0;0;0;0;0
1658;31/1/2020;PROD_2;N;25000.0;23/2/2018;5/3/2021;37;1106;766.91;MENS;V;14.9;CONSUMO;A1;9879.92;0.0;0.0;0.0;0;9879.92;0;8;2;0;0;0;0;0;0;0
1674;31/1/2020;PROD_2;N;8000.0;27/2/2018;29/3/2021;37;1126;261.19;MENS;V;14.9;CONSUMO;E;0.0;1999.98;3777.82;5777.8;0;11555.6;337;337;161;0;1;1;1;1;0;0
1681;31/1/2020;PROD_2;N;20000.0;28/2/2018;9/3/2023;61;1835;420.14;MENS;V;14.9;CONSUMO;B2;12705.97;294.1;0.0;0.0;0;13000.07;37;37;6;0;1;0;0;0;0;0
1693;31/1/2020;PROD_2;N;50000.0;1/3/2018;5/3/2023;60;1830;1066.51;MENS;V;14.9;CONSUMO;D;0.0;1666.66;33333.4;35000.06;0;70000.12;118;118;29;0;3;2;1;0;0;0
1704;31/1/2020;PROD_2;N;15000.0;5/3/2018;5/3/2021;36;1096;482.85;MENS;V;14.9;CONSUMO;E;0.0;2916.69;6666.6;9583.29;0;19166.58;271;271;84;0;2;1;2;1;0;0
1726;31/1/2020;PROD_2;N;10000.0;8/3/2018;8/9/2020;30;915;352.84;MENS;V;14.9;CONSUMO;A1;2309.0;0.0;0.0;0.0;0;2309.0;0;0;0;0;0;0;0;0;0;0
1733;31/1/2020;PROD_2;N;5000.0;9/3/2018;9/3/2021;36;1096;153.38;MENS;V;14.9;CONSUMO;A1;1975.94;0.0;0.0;0.0;0;1975.94;0;19;7;0;0;0;0;0;0;0
1744;31/1/2020;PROD_2;N;15000.0;12/3/2018;12/3/2022;48;1461;369.49;MENS;V;14.9;CONSUMO;A1;8178.86;0.0;0.0;0.0;0;8178.86;0;9;3;0;0;0;0;0;0;0
1751;31/1/2020;PROD_2;N;10000.0;13/3/2018;15/3/2021;36;1098;306.76;MENS;V;14.9;CONSUMO;A1;3951.89;0.0;0.0;0.0;0;3951.89;0;14;5;0;0;0;0;0;0;0
1762;31/1/2020;PROD_2;N;15000.0;15/3/2018;15/3/2022;48;1461;369.49;MENS;V;14.9;CONSUMO;A1;8178.86;0.0;0.0;0.0;0;8178.86;0;9;3;0;0;0;0;0;0;0
1773;31/1/2020;PROD_2;N;30000.0;16/3/2018;16/3/2023;60;1826;630.21;MENS;V;14.9;CONSUMO;A1;19058.85;0.0;0.0;0.0;0;19058.85;0;5;2;0;0;0;0;0;0;0
1783;31/1/2020;PROD_2;N;2500.0;17/3/2018;2/4/2020;25;747;107.56;MENS;V;14.9;CONSUMO;A1;291.96;0.0;0.0;0.0;0;291.96;0;77;26;0;7;1;0;0;0;0
1787;31/1/2020;PROD_2;N;15000.0;19/3/2018;1/4/2023;61;1839;316.73;MENS;V;14.9;CONSUMO;A1;9778.29;0.0;0.0;0.0;0;9778.29;0;42;14;0;0;0;0;0;0;0
1789;31/1/2020;PROD_2;N;7000.0;19/3/2018;27/3/2021;36;1104;227.55;MENS;V;14.9;CONSUMO;E;0.0;1506.29;3305.64;4811.93;0;9623.86;310;310;95;0;2;2;1;1;0;0
1811;31/1/2020;PROD_2;N;5000.0;23/3/2018;7/4/2021;37;1111;154.28;MENS;V;14.9;CONSUMO;A1;2108.25;0.0;0.0;0.0;0;2108.25;0;37;11;0;2;0;0;0;0;0
1826;31/1/2020;PROD_2;N;3000.0;27/3/2018;27/3/2020;24;731;129.13;MENS;V;14.9;CONSUMO;B2;409.61;90.39;0.0;0.0;0;500.0;35;41;13;0;4;0;0;0;0;0
1836;31/1/2020;PROD_2;N;5000.0;28/3/2018;28/9/2020;30;915;177.53;MENS;V;14.9;CONSUMO;A1;1374.2;0.0;0.0;0.0;0;1374.2;0;0;0;0;0;0;0;0;0;0
1850;31/1/2020;PROD_2;N;20000.0;29/3/2018;5/4/2023;61;1833;422.31;MENS;V;14.9;CONSUMO;A1;13037.78;0.0;0.0;0.0;0;13037.78;0;0;0;0;0;0;0;0;0;0
1861;31/1/2020;PROD_2;N;20000.0;2/4/2018;5/4/2021;36;1099;617.12;MENS;V;14.9;CONSUMO;A1;8456.82;0.0;0.0;0.0;0;8456.82;0;17;6;0;0;0;0;0;0;0
1865;31/1/2020;PROD_2;N;10000.0;3/4/2018;8/10/2021;42;1284;281.59;MENS;V;14.9;CONSUMO;E;0.0;859.74;5476.1;6335.84;0;12671.68;176;176;48;0;2;2;1;0;0;0
1873;31/1/2020;PROD_2;N;5000.0;5/4/2018;5/4/2020;24;731;215.16;MENS;V;14.9;CONSUMO;A1;681.09;0.0;0.0;0.0;0;681.09;0;0;0;0;0;0;0;0;0;0
1889;31/1/2020;PROD_2;N;5000.0;10/4/2018;10/4/2021;36;1096;168.76;MENS;V;14.9;CONSUMO;E;0.0;2083.35;2361.09;4444.44;0;8888.88;508;508;229;0;0;0;0;1;1;117
1929;31/1/2020;PROD_2;N;15000.0;19/4/2018;4/5/2022;49;1476;373.55;MENS;V;14.9;CONSUMO;A1;8801.01;0.0;0.0;0.0;0;8801.01;0;79;21;0;2;1;0;0;0;0
1942;31/1/2020;PROD_2;N;10000.0;23/4/2018;5/5/2021;37;1108;315.75;MENS;V;14.9;CONSUMO;D;0.0;555.56;4999.96;0.0;0;5555.52;118;118;35;0;1;1;1;0;0;0
1946;31/1/2020;PROD_2;N;10000.0;23/4/2018;5/11/2020;31;927;359.43;MENS;V;14.9;CONSUMO;A1;3412.54;0.0;0.0;0.0;0;3412.54;0;1;1;0;0;0;0;0;0;0
1969;31/1/2020;PROD_2;N;7000.0;27/4/2018;27/4/2021;36;1096;216.0;MENS;V;14.9;CONSUMO;A1;2949.84;0.0;0.0;0.0;0;2949.84;0;0;0;0;0;0;0;0;0;0
1977;31/1/2020;PROD_2;N;10000.0;28/4/2018;11/5/2021;37;1109;310.36;MENS;V;14.9;CONSUMO;A1;4492.26;0.0;0.0;0.0;0;4492.26;0;0;0;0;0;0;0;0;0;0
1996;31/1/2020;PROD_2;N;10000.0;5/5/2018;13/5/2020;24;739;432.97;MENS;V;14.9;CONSUMO;A2;1780.19;303.08;0.0;0.0;0;2083.27;6;11;6;0;0;0;0;0;0;0
1998;31/1/2020;PROD_2;N;10000.0;4/5/2018;10/5/2021;36;1102;310.36;MENS;V;14.9;CONSUMO;A1;4504.93;0.0;0.0;0.0;0;4504.93;0;19;7;0;0;0;0;0;0;0
1999;31/1/2020;PROD_2;N;12000.0;7/5/2018;15/5/2021;36;1104;372.45;MENS;V;14.9;CONSUMO;A1;5406.01;0.0;0.0;0.0;0;5406.01;0;0;0;0;0;0;0;0;0;0
2007;31/1/2020;PROD_2;N;10000.0;9/5/2018;10/11/2021;42;1281;275.32;MENS;V;14.9;CONSUMO;A1;5283.38;0.0;0.0;0.0;0;5283.38;0;2;1;0;0;0;0;0;0;0
2012;31/1/2020;PROD_2;N;5000.0;10/5/2018;15/5/2021;36;1101;155.18;MENS;V;14.9;CONSUMO;A1;2252.46;0.0;0.0;0.0;0;2252.46;0;18;7;0;0;0;0;0;0;0
2018;31/1/2020;PROD_2;N;6000.0;11/5/2018;11/11/2020;30;915;215.66;MENS;V;14.9;CONSUMO;A1;2049.04;0.0;0.0;0.0;0;2049.04;0;10;4;0;0;0;0;0;0;0
2027;31/1/2020;PROD_2;N;15000.0;15/5/2018;30/5/2023;60;1841;319.92;MENS;V;14.9;CONSUMO;A1;10276.06;0.0;0.0;0.0;0;10276.06;0;59;14;0;3;0;0;0;0;0
2028;31/1/2020;PROD_2;N;13000.0;15/5/2018;15/5/2020;24;731;559.2;MENS;V;14.9;CONSUMO;A1;1733.28;0.0;0.0;0.0;0;1733.28;0;0;0;0;0;0;0;0;0;0
2030;31/1/2020;PROD_2;N;20000.0;16/5/2018;30/5/2023;60;1840;426.57;MENS;V;14.9;CONSUMO;B2;13701.46;298.6;0.0;0.0;0;14000.06;32;56;22;0;3;0;0;0;0;0
2051;31/1/2020;PROD_2;N;10000.0;18/5/2018;2/6/2021;37;1111;312.17;MENS;V;14.9;CONSUMO;A1;4781.44;0.0;0.0;0.0;0;4781.44;0;44;12;0;1;0;0;0;0;0
2065;31/1/2020;PROD_2;N;7000.0;22/5/2018;5/6/2021;37;1110;218.53;MENS;V;14.9;CONSUMO;A1;3347.11;0.0;0.0;0.0;0;3347.11;0;54;18;0;3;0;0;0;0;0
2070;31/1/2020;PROD_2;N;15000.0;22/5/2018;27/5/2023;60;1831;318.35;MENS;V;14.9;CONSUMO;A1;10009.7;0.0;0.0;0.0;0;10009.7;0;1;1;0;0;0;0;0;0;0
2071;31/1/2020;PROD_2;N;5000.0;23/5/2018;1/6/2021;37;1105;156.08;MENS;V;14.9;CONSUMO;A1;2390.72;0.0;0.0;0.0;0;2390.72;0;9;3;0;0;0;0;0;0;0
2077;31/1/2020;PROD_2;N;10000.0;24/5/2018;5/6/2021;37;1108;318.07;MENS;V;14.9;CONSUMO;D;0.0;387.44;5277.74;0.0;0;5665.18;118;118;49;0;1;2;2;0;0;0
2080;31/1/2020;PROD_2;N;10000.0;24/5/2018;5/12/2021;43;1291;278.48;MENS;V;14.9;CONSUMO;C1;5757.36;194.94;0.0;0.0;0;5952.3;57;57;17;0;3;0;0;0;0;0
2092;31/1/2020;PROD_2;N;20000.0;28/5/2018;3/6/2022;49;1467;500.78;MENS;V;14.9;CONSUMO;A1;12149.39;0.0;0.0;0.0;0;12149.39;0;54;16;0;2;0;0;0;0;0
2094;31/1/2020;PROD_2;N;5000.0;28/5/2018;28/5/2020;24;731;216.51;MENS;V;14.9;CONSUMO;A1;889.05;0.0;0.0;0.0;0;889.05;0;20;6;0;0;0;0;0;0;0
2107;31/1/2020;PROD_2;N;6000.0;29/5/2018;5/6/2021;37;1103;187.3;MENS;V;14.9;CONSUMO;A1;2868.83;0.0;0.0;0.0;0;2868.83;0;22;7;0;0;0;0;0;0;0
2108;31/1/2020;PROD_2;N;5000.0;30/5/2018;10/12/2020;31;925;191.78;MENS;V;14.9;CONSUMO;E;0.0;1398.53;2166.61;3565.14;0;7130.28;327;327;138;0;1;3;2;1;0;0
2120;31/1/2020;PROD_2;N;10000.0;31/5/2018;5/6/2021;37;1101;312.17;MENS;V;14.9;CONSUMO;A1;4781.44;0.0;0.0;0.0;0;4781.44;0;0;0;0;0;0;0;0;0;0
2124;31/1/2020;PROD_2;N;17000.0;31/5/2018;10/6/2023;61;1836;397.02;MENS;V;14.9;CONSUMO;E;0.0;4816.61;12183.39;17000.0;0;34000.0;570;570;285;0;0;0;0;1;1;179
2133;31/1/2020;PROD_2;N;6000.0;2/6/2018;5/12/2020;30;917;216.97;MENS;V;14.9;CONSUMO;A3;2246.87;151.88;0.0;0.0;0;2398.75;11;11;4;0;0;0;0;0;0;0
2142;31/1/2020;PROD_2;N;20000.0;6/6/2018;10/6/2021;36;1100;622.14;MENS;V;14.9;CONSUMO;A2;9564.42;435.5;0.0;0.0;0;9999.92;8;8;0;0;0;0;0;0;0;0
2151;31/1/2020;PROD_2;N;20000.0;7/6/2018;10/6/2023;60;1829;417.93;MENS;V;14.9;CONSUMO;A1;12205.14;0.0;0.0;0.0;0;12205.14;0;10;5;0;0;0;0;0;0;0
2158;31/1/2020;PROD_2;N;12000.0;9/6/2018;9/6/2022;48;1461;300.47;MENS;V;14.9;CONSUMO;B1;7266.64;210.33;0.0;0.0;0;7476.97;21;21;3;0;0;0;0;0;0;0
2167;31/1/2020;PROD_2;N;10000.0;12/6/2018;26/6/2020;24;745;444.95;MENS;V;14.9;CONSUMO;D;0.0;195.05;3333.28;0.0;0;3528.33;97;97;35;0;6;3;1;0;0;0
2190;31/1/2020;PROD_2;N;6000.0;14/6/2018;28/6/2021;36;1110;189.61;MENS;V;14.9;CONSUMO;C1;3150.15;132.73;0.0;0.0;0;3282.88;64;64;13;0;1;1;0;0;0;0
2194;31/1/2020;PROD_2;N;10000.0;15/6/2018;20/6/2021;36;1101;312.17;MENS;V;14.9;CONSUMO;A1;4752.36;0.0;0.0;0.0;0;4752.36;0;148;52;0;2;2;2;0;0;0
2204;31/1/2020;PROD_2;N;25000.0;18/6/2018;18/6/2023;60;1826;533.29;MENS;V;14.9;CONSUMO;A1;17126.64;0.0;0.0;0.0;0;17126.64;0;0;0;0;0;0;0;0;0;0
2209;31/1/2020;PROD_2;N;8000.0;18/6/2018;3/1/2022;43;1295;222.74;MENS;V;14.9;CONSUMO;A1;4605.92;0.0;0.0;0.0;0;4605.92;0;10;3;0;0;0;0;0;0;0
2211;31/1/2020;PROD_2;N;26000.0;18/6/2018;29/6/2023;60;1837;557.37;MENS;V;14.9;CONSUMO;B2;17994.18;390.16;0.0;0.0;0;18384.34;33;33;14;0;2;0;0;0;0;0
2214;31/1/2020;PROD_2;N;10000.0;18/6/2018;18/12/2021;42;1279;288.03;MENS;V;14.9;CONSUMO;E;0.0;1353.26;5952.3;7305.56;0;14611.12;227;227;75;0;2;1;1;1;0;0
2223;31/1/2020;PROD_2;N;15000.0;21/6/2018;5/7/2023;61;1840;321.6;MENS;V;14.9;CONSUMO;A1;10524.88;0.0;0.0;0.0;0;10524.88;0;20;7;0;0;0;0;0;0;0
2228;31/1/2020;PROD_2;N;20000.0;22/6/2018;5/7/2023;61;1839;428.81;MENS;V;14.9;CONSUMO;A1;14033.22;0.0;0.0;0.0;0;14033.22;0;1;1;0;0;0;0;0;0;0
2241;31/1/2020;PROD_2;N;10000.0;25/6/2018;8/7/2021;37;1109;326.81;MENS;V;14.9;CONSUMO;E;0.0;1666.68;5555.52;7222.2;0;14444.4;237;237;90;0;1;1;1;1;0;0
2242;31/1/2020;PROD_2;N;10000.0;25/6/2018;26/12/2021;42;1280;278.37;MENS;V;14.9;CONSUMO;B2;5527.82;194.86;0.0;0.0;0;5722.68;36;36;11;0;2;0;0;0;0;0
2247;31/1/2020;PROD_2;N;15000.0;26/6/2018;5/7/2023;61;1835;321.6;MENS;V;14.9;CONSUMO;A1;10524.88;0.0;0.0;0.0;0;10524.88;0;25;8;0;0;0;0;0;0;0
2252;31/1/2020;PROD_2;N;20000.0;26/6/2018;26/6/2023;60;1826;428.77;MENS;V;14.9;CONSUMO;A1;14033.25;0.0;0.0;0.0;0;14033.25;0;24;9;0;0;0;0;0;0;0
2267;31/1/2020;PROD_2;N;12000.0;29/6/2018;10/7/2021;37;1107;376.77;MENS;V;14.9;CONSUMO;A1;6047.3;0.0;0.0;0.0;0;6047.3;0;11;3;0;0;0;0;0;0;0
2269;31/1/2020;PROD_2;N;20000.0;29/6/2018;15/7/2023;61;1842;428.81;MENS;V;14.9;CONSUMO;A1;14033.22;0.0;0.0;0.0;0;14033.22;0;3;2;0;0;0;0;0;0;0
2270;31/1/2020;PROD_2;N;10000.0;29/6/2018;10/1/2022;43;1291;278.42;MENS;V;14.9;CONSUMO;A1;5757.41;0.0;0.0;0.0;0;5757.41;0;5;2;0;0;0;0;0;0;0
2275;31/1/2020;PROD_2;N;15000.0;30/6/2018;8/7/2022;49;1469;377.62;MENS;V;14.9;CONSUMO;A1;9423.17;0.0;0.0;0.0;0;9423.17;0;8;3;0;0;0;0;0;0;0
2284;31/1/2020;PROD_2;N;6000.0;2/7/2018;5/7/2021;36;1099;188.38;MENS;V;14.9;CONSUMO;A1;3027.29;0.0;0.0;0.0;0;3027.29;0;18;7;0;0;0;0;0;0;0
2300;31/1/2020;PROD_2;N;8000.0;5/7/2018;20/1/2022;42;1295;226.62;MENS;V;14.9;CONSUMO;B2;0.0;322.95;4952.32;0.0;0;5275.27;42;88;37;0;5;4;0;0;0;0
2313;31/1/2020;PROD_2;N;12000.0;9/7/2018;20/7/2022;48;1472;302.09;MENS;V;14.9;CONSUMO;A1;7538.54;0.0;0.0;0.0;0;7538.54;0;8;3;0;0;0;0;0;0;0
2314;31/1/2020;PROD_2;N;10000.0;10/7/2018;20/1/2022;42;1290;278.42;MENS;V;14.9;CONSUMO;A1;5757.41;0.0;0.0;0.0;0;5757.41;0;3;1;0;0;0;0;0;0;0
2320;31/1/2020;PROD_2;N;20000.0;10/7/2018;24/7/2023;60;1840;428.81;MENS;V;14.9;CONSUMO;A1;14033.22;0.0;0.0;0.0;0;14033.22;0;1;1;0;0;0;0;0;0;0
2324;31/1/2020;PROD_2;N;5000.0;11/7/2018;11/7/2021;36;1096;159.91;MENS;V;14.9;CONSUMO;D;0.0;160.21;2777.76;0.0;0;2937.97;112;112;37;0;1;1;1;0;0;0
2364;31/1/2020;PROD_2;N;10000.0;21/7/2018;21/7/2021;36;1096;317.83;MENS;V;14.9;CONSUMO;A3;0.0;220.66;5555.52;0.0;0;5776.18;10;84;36;0;6;1;0;0;0;0
2381;31/1/2020;PROD_2;N;15000.0;24/7/2018;2/8/2022;49;1470;377.54;MENS;V;14.9;CONSUMO;A1;9414.47;0.0;0.0;0.0;0;9414.47;0;19;7;0;0;0;0;0;0;0
2402;31/1/2020;PROD_2;N;15000.0;27/7/2018;2/8/2023;61;1832;323.23;MENS;V;14.9;CONSUMO;A1;10773.74;0.0;0.0;0.0;0;10773.74;0;18;8;0;0;0;0;0;0;0
2410;31/1/2020;PROD_2;N;10000.0;30/7/2018;5/2/2022;43;1286;279.97;MENS;V;14.9;CONSUMO;A1;5994.42;0.0;0.0;0.0;0;5994.42;0;3;1;0;0;0;0;0;0;0
2418;31/1/2020;PROD_2;N;12000.0;31/7/2018;5/8/2021;37;1101;378.95;MENS;V;14.9;CONSUMO;B2;6400.09;265.26;0.0;0.0;0;6665.35;42;42;4;0;1;0;0;0;0;0
2422;31/1/2020;PROD_2;N;15000.0;1/8/2018;5/8/2021;36;1100;473.68;MENS;V;14.9;CONSUMO;A1;7990.83;0.0;0.0;0.0;0;7990.83;0;2;1;0;0;0;0;0;0;0
2430;31/1/2020;PROD_2;N;10000.0;3/8/2018;10/8/2021;36;1103;297.63;MENS;V;14.9;CONSUMO;A1;2558.57;0.0;0.0;0.0;0;2558.57;0;48;14;0;1;0;0;0;0;0
2434;31/1/2020;PROD_2;N;8300.0;6/8/2018;16/8/2021;36;1106;268.57;MENS;V;14.9;CONSUMO;C2;0.0;670.94;4841.6;0.0;0;5512.54;76;108;43;0;2;2;2;0;0;0
2454;31/1/2020;PROD_2;N;20000.0;9/8/2018;15/8/2023;60;1832;435.48;MENS;V;14.9;CONSUMO;C2;0.0;333.33;15000.05;0.0;0;15333.38;77;77;17;0;1;1;0;0;0;0
2461;31/1/2020;PROD_2;N;30000.0;13/8/2018;13/8/2023;60;1826;652.99;MENS;V;14.9;CONSUMO;C2;0.0;500.0;22500.0;0.0;0;23000.0;79;79;16;0;1;1;0;0;0;0
2474;31/1/2020;PROD_2;N;3000.0;15/8/2018;15/8/2020;24;731;132.33;MENS;V;14.9;CONSUMO;A1;907.37;0.0;0.0;0.0;0;907.37;0;63;23;0;3;2;0;0;0;0
2476;31/1/2020;PROD_2;N;20000.0;15/8/2018;15/8/2023;60;1826;430.97;MENS;V;14.9;CONSUMO;A1;14358.27;0.0;0.0;0.0;0;14358.27;0;0;0;0;0;0;0;0;0;0
2477;31/1/2020;PROD_2;N;15000.0;15/8/2018;15/8/2022;48;1461;379.65;MENS;V;14.9;CONSUMO;A1;9734.25;0.0;0.0;0.0;0;9734.25;0;93;27;0;1;1;1;0;0;0
2491;31/1/2020;PROD_2;N;10000.0;18/8/2018;18/8/2021;36;1096;315.78;MENS;V;14.9;CONSUMO;A1;5305.14;0.0;0.0;0.0;0;5305.14;0;0;0;0;0;0;0;0;0;0
2506;31/1/2020;PROD_2;N;5000.0;22/8/2018;5/9/2021;37;1110;158.79;MENS;V;14.9;CONSUMO;A1;2805.5;0.0;0.0;0.0;0;2805.5;0;4;2;0;0;0;0;0;0;0
2531;31/1/2020;PROD_2;N;10000.0;25/8/2018;28/8/2021;36;1099;315.78;MENS;V;14.9;CONSUMO;B2;5334.47;221.05;0.0;0.0;0;5555.52;44;44;9;0;1;0;0;0;0;0
2543;31/1/2020;PROD_2;N;20000.0;28/8/2018;28/8/2023;60;1826;435.34;MENS;V;14.9;CONSUMO;A2;15333.38;0.0;0.0;0.0;0;15333.38;3;33;12;0;3;0;0;0;0;0
2544;31/1/2020;PROD_2;N;15000.0;28/8/2018;10/9/2023;61;1839;324.85;MENS;V;14.9;CONSUMO;A1;11022.6;0.0;0.0;0.0;0;11022.6;0;12;4;0;0;0;0;0;0;0
2590;31/1/2020;PROD_2;N;403.43;31/5/2016;1/6/2017;13;366;109.88;MENS;F;15.2;CONSUMO;E;0.0;320.87;0.0;0.0;0;320.87;1035;1035;768;0;0;0;0;0;0;366
2591;31/1/2020;PROD_2;N;275.45;12/7/2017;11/11/2017;4;122;103.6;MENS;F;24.0;CONSUMO;E;0.0;302.16;0.0;0.0;0;302.16;872;872;608;0;0;0;0;0;0;366
2595;31/1/2020;PROD_2;N;3000.0;30/11/2017;3/12/2019;25;733;152.69;MENS;F;16.71;CONSUMO;E;0.0;702.68;153.62;0.0;0;856.3;212;212;79;0;3;2;2;1;0;0
2600;31/1/2020;PROD_2;N;3000.0;14/3/2018;13/3/2020;24;730;150.18;MENS;F;16.45;CONSUMO;C1;0.0;254.75;577.14;0.0;0;831.89;49;124;46;0;1;1;1;0;0;0
2603;31/1/2020;PROD_2;N;1100.0;4/4/2018;6/4/2020;24;733;54.93;MENS;F;16.45;CONSUMO;E;0.0;253.87;262.89;0.0;0;516.76;239;239;109;0;1;1;3;1;0;0
2606;31/1/2020;PROD_2;N;600.0;4/5/2018;30/1/2019;8;271;80.76;MENS;F;16.45;CONSUMO;E;0.0;600.0;0.0;0.0;0;600.0;580;580;320;0;0;0;0;0;1;189
2607;31/1/2020;PROD_2;N;5000.0;11/5/2018;10/5/2020;24;730;248.88;MENS;F;16.45;CONSUMO;A1;1018.91;0.0;0.0;0.0;0;1018.91;0;49;14;0;3;0;0;0;0;0
2610;31/1/2020;PROD_2;N;2500.0;20/6/2018;20/12/2019;18;548;160.67;MENS;F;16.45;CONSUMO;E;0.0;1714.45;157.71;0.0;0;1872.16;346;376;188;0;1;1;1;1;1;16
2618;31/1/2020;PROD_2;N;10000.0;7/9/2018;7/3/2022;42;1277;281.52;MENS;V;14.9;CONSUMO;A1;6222.57;0.0;0.0;0.0;0;6222.57;0;1;1;0;0;0;0;0;0;0
2620;31/1/2020;PROD_2;N;20000.0;7/9/2018;7/9/2023;60;1826;433.14;MENS;V;14.9;CONSUMO;A1;14696.85;0.0;0.0;0.0;0;14696.85;0;106;34;0;1;3;1;0;0;0
2621;31/1/2020;PROD_2;N;2000.0;7/9/2018;15/9/2020;24;739;88.21;MENS;V;14.9;CONSUMO;B2;599.89;61.75;0.0;0.0;0;661.64;35;35;2;0;1;0;0;0;0;0
2622;31/1/2020;PROD_2;N;10000.0;7/9/2018;10/9/2021;36;1099;319.34;MENS;V;14.9;CONSUMO;C1;5887.54;223.54;0.0;0.0;0;6111.08;52;111;40;0;2;1;2;0;0;0
2633;31/1/2020;PROD_2;N;10000.0;11/9/2018;20/9/2021;36;1105;317.59;MENS;V;14.9;CONSUMO;A1;5610.99;0.0;0.0;0.0;0;5610.99;0;49;15;0;2;0;0;0;0;0
2637;31/1/2020;PROD_2;N;13000.0;11/9/2018;11/9/2022;48;1461;330.79;MENS;V;14.9;CONSUMO;A1;8706.0;0.0;0.0;0.0;0;8706.0;0;7;3;0;0;0;0;0;0;0
2638;31/1/2020;PROD_2;N;10000.0;11/9/2018;16/9/2021;36;1101;317.59;MENS;V;14.9;CONSUMO;A1;5610.99;0.0;0.0;0.0;0;5610.99;0;38;13;0;2;0;0;0;0;0
2642;31/1/2020;PROD_2;N;7000.0;12/9/2018;15/9/2021;36;1099;222.32;MENS;V;14.9;CONSUMO;A1;3927.78;0.0;0.0;0.0;0;3927.78;0;6;2;0;0;0;0;0;0;0
2649;31/1/2020;PROD_2;N;12000.0;12/9/2018;26/9/2022;48;1475;305.34;MENS;V;14.9;CONSUMO;A1;8018.26;0.0;0.0;0.0;0;8018.26;0;5;3;0;0;0;0;0;0;0
2663;31/1/2020;PROD_2;N;15000.0;14/9/2018;26/9/2022;48;1473;383.68;MENS;V;14.9;CONSUMO;A1;10356.42;0.0;0.0;0.0;0;10356.42;0;34;12;0;3;0;0;0;0;0
2670;31/1/2020;PROD_2;N;25000.0;17/9/2018;1/10/2023;61;1840;544.13;MENS;V;14.9;CONSUMO;A1;18785.73;0.0;0.0;0.0;0;18785.73;0;52;13;0;1;0;0;0;0;0
2680;31/1/2020;PROD_2;N;20000.0;18/9/2018;28/9/2022;48;1471;508.91;MENS;V;14.9;CONSUMO;A1;13393.71;0.0;0.0;0.0;0;13393.71;0;37;11;0;1;0;0;0;0;0
2687;31/1/2020;PROD_2;N;6000.0;18/9/2018;27/3/2021;30;921;222.16;MENS;V;14.9;CONSUMO;A1;3044.49;0.0;0.0;0.0;0;3044.49;0;33;11;0;2;0;0;0;0;0
2697;31/1/2020;PROD_2;N;15000.0;21/9/2018;5/10/2023;61;1840;326.48;MENS;V;14.9;CONSUMO;A1;11271.46;0.0;0.0;0.0;0;11271.46;0;8;3;0;0;0;0;0;0;0
2708;31/1/2020;PROD_2;N;10000.0;24/9/2018;8/4/2021;31;927;370.28;MENS;V;14.9;CONSUMO;A1;5074.18;0.0;0.0;0.0;0;5074.18;0;61;18;0;1;1;0;0;0;0
2709;31/1/2020;PROD_2;N;20000.0;24/9/2018;26/9/2023;60;1828;437.61;MENS;V;14.9;CONSUMO;C1;15360.38;306.33;0.0;0.0;0;15666.71;66;66;19;0;2;1;0;0;0;0
2725;31/1/2020;PROD_2;N;12000.0;28/9/2018;28/9/2023;60;1826;261.16;MENS;V;14.9;CONSUMO;B2;9017.19;182.81;0.0;0.0;0;9200.0;34;34;16;0;4;0;0;0;0;0
2737;31/1/2020;PROD_2;N;10350.0;29/9/2018;12/10/2020;25;744;462.19;MENS;V;14.9;CONSUMO;A1;3979.08;0.0;0.0;0.0;0;3979.08;0;17;5;0;0;0;0;0;0;0
2740;31/1/2020;PROD_2;N;1000.0;1/10/2018;15/10/2019;12;379;87.37;MENS;V;14.9;CONSUMO;E;0.0;333.36;0.0;0.0;0;333.36;200;200;65;0;2;1;1;1;0;0
2742;31/1/2020;PROD_2;N;10000.0;2/10/2018;2/4/2022;42;1278;283.06;MENS;V;14.9;CONSUMO;A1;6418.69;0.0;0.0;0.0;0;6418.69;0;0;0;0;0;0;0;0;0;0
2745;31/1/2020;PROD_2;N;3500.0;2/10/2018;5/10/2020;24;734;156.3;MENS;V;14.9;CONSUMO;A1;1348.97;0.0;0.0;0.0;0;1348.97;0;0;0;0;0;0;0;0;0;0
2749;31/1/2020;PROD_2;N;8000.0;3/10/2018;9/4/2020;18;554;458.99;MENS;V;14.9;CONSUMO;A1;1451.92;0.0;0.0;0.0;0;1451.92;0;1;1;0;0;0;0;0;0;0
2756;31/1/2020;PROD_2;N;7000.0;5/10/2018;5/10/2021;36;1096;198.35;MENS;V;14.9;CONSUMO;A1;112.28;0.0;0.0;0.0;0;112.28;0;70;18;0;3;1;0;0;0;0
2764;31/1/2020;PROD_2;N;20000.0;10/10/2018;10/10/2023;60;1826;435.31;MENS;V;14.9;CONSUMO;A1;15028.66;0.0;0.0;0.0;0;15028.66;0;0;0;0;0;0;0;0;0;0
2774;31/1/2020;PROD_2;N;20000.0;11/10/2018;11/10/2023;60;1826;435.31;MENS;V;14.9;CONSUMO;B2;15008.71;304.72;0.0;0.0;0;15313.43;38;38;3;0;1;0;0;0;0;0
2775;31/1/2020;PROD_2;N;20000.0;11/10/2018;26/10/2022;48;1476;514.28;MENS;V;14.9;CONSUMO;A1;14223.29;0.0;0.0;0.0;0;14223.29;0;34;15;0;4;0;0;0;0;0
2796;31/1/2020;PROD_2;N;10000.0;17/10/2018;2/11/2022;49;1477;257.17;MENS;V;14.9;CONSUMO;A1;7111.69;0.0;0.0;0.0;0;7111.69;0;13;5;0;0;0;0;0;0;0
2848;31/1/2020;PROD_2;N;13000.0;29/10/2018;1/5/2020;19;550;745.63;MENS;V;14.9;CONSUMO;A1;2353.46;0.0;0.0;0.0;0;2353.46;0;1;1;0;0;0;0;0;0;0
2850;31/1/2020;PROD_2;N;30000.0;29/10/2018;10/11/2023;61;1838;646.52;MENS;V;14.9;CONSUMO;A1;21254.13;0.0;0.0;0.0;0;21254.13;0;42;14;0;1;0;0;0;0;0
2858;31/1/2020;PROD_2;N;20000.0;31/10/2018;5/11/2022;49;1466;514.33;MENS;V;14.9;CONSUMO;A1;14223.26;0.0;0.0;0.0;0;14223.26;0;33;11;0;1;0;0;0;0;0
2868;31/1/2020;PROD_2;N;20000.0;1/11/2018;10/11/2023;60;1835;439.59;MENS;V;14.9;CONSUMO;A1;15692.33;0.0;0.0;0.0;0;15692.33;0;38;10;0;1;0;0;0;0;0
2877;31/1/2020;PROD_2;N;5000.0;7/11/2018;7/5/2020;18;547;288.65;MENS;V;14.9;CONSUMO;A1;1185.9;0.0;0.0;0.0;0;1185.9;0;1;1;0;0;0;0;0;0;0
2899;31/1/2020;PROD_2;N;12000.0;13/11/2018;15/11/2022;48;1463;308.6;MENS;V;14.9;CONSUMO;A1;8533.98;0.0;0.0;0.0;0;8533.98;0;10;3;0;0;0;0;0;0;0
2907;31/1/2020;PROD_2;N;5000.0;14/11/2018;15/11/2021;36;1097;159.91;MENS;V;14.9;CONSUMO;A1;3082.49;0.0;0.0;0.0;0;3082.49;0;0;0;0;0;0;0;0;0;0
2936;31/1/2020;PROD_2;N;16000.0;21/11/2018;5/12/2022;49;1475;413.64;MENS;V;14.9;CONSUMO;B1;11710.49;289.55;0.0;0.0;0;12000.04;21;21;4;0;0;0;0;0;0;0
2939;31/1/2020;PROD_2;N;5000.0;22/11/2018;22/11/2021;36;1096;162.42;MENS;V;14.9;CONSUMO;C1;0.0;138.89;3333.32;0.0;0;3472.21;70;70;24;0;3;1;0;0;0;0
2949;31/1/2020;PROD_2;N;15000.0;23/11/2018;5/12/2022;49;1473;391.96;MENS;V;14.9;CONSUMO;C2;0.0;225.17;11562.5;0.0;0;11787.67;87;87;25;0;2;1;0;0;0;0
2956;31/1/2020;PROD_2;N;5000.0;27/11/2018;27/11/2020;24;731;224.64;MENS;V;14.9;CONSUMO;A3;2115.84;157.25;0.0;0.0;0;2273.09;15;15;3;0;0;0;0;0;0;0
2969;31/1/2020;PROD_2;N;10000.0;29/11/2018;29/11/2021;36;1096;321.2;MENS;V;14.9;CONSUMO;A1;6164.02;0.0;0.0;0.0;0;6164.02;0;2;1;0;0;0;0;0;0;0
2978;31/1/2020;PROD_2;N;20000.0;30/11/2018;30/11/2023;60;1826;439.57;MENS;V;14.9;CONSUMO;A1;15692.34;0.0;0.0;0.0;0;15692.34;0;9;3;0;0;0;0;0;0;0
2982;31/1/2020;PROD_2;N;4000.0;30/11/2018;29/2/2020;15;456;276.34;MENS;V;14.9;CONSUMO;C1;873.19;193.44;0.0;0.0;0;1066.63;62;92;28;0;4;2;1;0;0;0
2984;31/1/2020;PROD_2;N;5000.0;30/11/2018;3/6/2021;31;916;191.95;MENS;V;14.9;CONSUMO;C2;0.0;341.52;3166.63;3508.15;0;7016.3;89;119;37;0;2;1;1;0;0;0
2995;31/1/2020;PROD_2;N;2500.0;4/12/2018;10/6/2020;18;554;145.03;MENS;V;14.9;CONSUMO;A1;731.8;0.0;0.0;0.0;0;731.8;0;0;0;0;0;0;0;0;0;0
3014;31/1/2020;PROD_2;N;3000.0;10/12/2018;10/12/2020;24;731;135.6;MENS;V;14.9;CONSUMO;A1;1405.08;0.0;0.0;0.0;0;1405.08;0;43;13;0;1;0;0;0;0;0
3057;31/1/2020;PROD_2;N;2000.0;19/12/2018;3/1/2021;25;746;90.95;MENS;V;14.9;CONSUMO;B2;1019.7;63.66;0.0;0.0;0;1083.36;31;38;13;0;2;0;0;0;0;0
3061;31/1/2020;PROD_2;N;10000.0;20/12/2018;4/1/2023;49;1476;259.88;MENS;V;14.9;CONSUMO;A1;7526.45;0.0;0.0;0.0;0;7526.45;0;26;7;0;0;0;0;0;0;0
3062;31/1/2020;PROD_2;N;10000.0;20/12/2018;20/12/2022;48;1461;258.52;MENS;V;14.9;CONSUMO;A1;7314.45;0.0;0.0;0.0;0;7314.45;0;0;0;0;0;0;0;0;0;0
3064;31/1/2020;PROD_2;N;6000.0;20/12/2018;20/6/2021;30;913;224.76;MENS;V;14.9;CONSUMO;A1;3441.0;0.0;0.0;0.0;0;3441.0;0;0;0;0;0;0;0;0;0;0
3065;31/1/2020;PROD_2;N;20000.0;20/12/2018;1/1/2022;37;1108;649.7;MENS;V;14.9;CONSUMO;A1;13434.05;0.0;0.0;0.0;0;13434.05;0;5;2;0;0;0;0;0;0;0
3068;31/1/2020;PROD_2;N;15000.0;21/12/2018;30/12/2022;48;1470;389.74;MENS;V;14.9;CONSUMO;A1;11072.06;0.0;0.0;0.0;0;11072.06;0;1;1;0;0;0;0;0;0;0
3073;31/1/2020;PROD_2;N;6000.0;21/12/2018;21/12/2021;36;1096;193.81;MENS;V;14.9;CONSUMO;A1;3864.29;0.0;0.0;0.0;0;3864.29;0;5;2;0;0;0;0;0;0;0
3074;31/1/2020;PROD_2;N;20000.0;22/12/2018;5/1/2024;61;1840;441.82;MENS;V;14.9;CONSUMO;A1;16024.1;0.0;0.0;0.0;0;16024.1;0;0;0;0;0;0;0;0;0;0
3076;31/1/2020;PROD_2;N;10000.0;24/12/2018;5/1/2021;25;743;454.72;MENS;V;14.9;CONSUMO;B2;5098.33;318.3;0.0;0.0;0;5416.63;36;36;3;0;1;0;0;0;0;0
3078;31/1/2020;PROD_2;N;10000.0;24/12/2018;30/12/2022;48;1467;259.83;MENS;V;14.9;CONSUMO;B2;7526.49;181.88;0.0;0.0;0;7708.37;32;32;6;0;1;0;0;0;0;0
3093;31/1/2020;PROD_2;N;15000.0;28/12/2018;5/1/2023;49;1469;389.82;MENS;V;14.9;CONSUMO;A1;11289.63;0.0;0.0;0.0;0;11289.63;0;2;1;0;0;0;0;0;0;0
3095;31/1/2020;PROD_2;N;5000.0;29/12/2018;5/1/2021;25;738;227.36;MENS;V;14.9;CONSUMO;A1;2535.62;0.0;0.0;0.0;0;2535.62;0;0;0;0;0;0;0;0;0;0
3098;31/1/2020;PROD_2;N;15000.0;31/12/2018;10/1/2024;61;1836;331.36;MENS;V;14.9;CONSUMO;A1;11996.43;0.0;0.0;0.0;0;11996.43;0;0;0;0;0;0;0;0;0;0
3117;31/1/2020;PROD_2;N;6000.0;10/1/2019;10/1/2021;24;731;271.15;MENS;V;14.9;CONSUMO;A1;2786.64;0.0;0.0;0.0;0;2786.64;0;0;0;0;0;0;0;0;0;0
3122;31/1/2020;PROD_2;N;20000.0;11/1/2019;11/1/2024;60;1826;441.82;MENS;V;14.9;CONSUMO;A1;16024.1;0.0;0.0;0.0;0;16024.1;0;9;3;0;0;0;0;0;0;0
3162;31/1/2020;PROD_2;N;10000.0;22/1/2019;6/2/2023;49;1476;261.24;MENS;V;14.9;CONSUMO;A1;7733.83;0.0;0.0;0.0;0;7733.83;0;0;0;0;0;0;0;0;0;0
3166;31/1/2020;PROD_2;N;15000.0;23/1/2019;26/1/2023;48;1464;389.82;MENS;V;14.9;CONSUMO;B2;11289.63;272.87;0.0;0.0;0;11562.5;31;31;4;0;1;0;0;0;0;0
3170;31/1/2020;PROD_2;N;8000.0;24/1/2019;27/1/2022;36;1099;261.28;MENS;V;14.9;CONSUMO;A1;5594.9;0.0;0.0;0.0;0;5594.9;0;33;12;0;2;0;0;0;0;0
3172;31/1/2020;PROD_2;N;5000.0;24/1/2019;5/2/2021;25;743;227.32;MENS;V;14.9;CONSUMO;A1;2529.46;0.0;0.0;0.0;0;2529.46;0;6;2;0;0;0;0;0;0;0
3181;31/1/2020;PROD_2;N;5000.0;25/1/2019;5/2/2022;37;1107;163.32;MENS;V;14.9;CONSUMO;A1;3496.78;0.0;0.0;0.0;0;3496.78;0;25;9;0;0;0;0;0;0;0
3187;31/1/2020;PROD_2;N;15000.0;25/1/2019;10/2/2023;49;1477;391.85;MENS;V;14.9;CONSUMO;A1;11600.7;0.0;0.0;0.0;0;11600.7;0;42;12;0;1;0;0;0;0;0
3189;31/1/2020;PROD_2;N;5000.0;25/1/2019;5/2/2022;37;1107;166.18;MENS;V;14.9;CONSUMO;D;0.0;177.47;3749.99;0.0;0;3927.46;118;118;37;0;2;1;1;0;0;0
3193;31/1/2020;PROD_2;N;6000.0;26/1/2019;5/2/2021;25;741;254.97;MENS;V;14.9;CONSUMO;A1;292.54;0.0;0.0;0.0;0;292.54;0;0;0;0;0;0;0;0;0;0
3200;31/1/2020;PROD_2;N;10000.0;28/1/2019;10/8/2022;43;1290;289.25;MENS;V;14.9;CONSUMO;A1;7416.52;0.0;0.0;0.0;0;7416.52;0;15;6;0;0;0;0;0;0;0
3211;31/1/2020;PROD_2;N;10000.0;30/1/2019;10/2/2023;49;1472;261.24;MENS;V;14.9;CONSUMO;A1;7716.32;0.0;0.0;0.0;0;7716.32;0;0;0;0;0;0;0;0;0;0
3223;31/1/2020;PROD_2;N;10000.0;31/1/2019;15/2/2022;37;1111;330.47;MENS;V;14.9;CONSUMO;C2;0.0;277.78;7499.98;0.0;0;7777.76;77;77;23;0;2;1;0;0;0;0
3236;31/1/2020;PROD_2;N;20000.0;3/2/2019;5/2/2024;60;1828;443.99;MENS;V;14.9;CONSUMO;A1;16355.91;0.0;0.0;0.0;0;16355.91;0;18;7;0;0;0;0;0;0;0
3242;31/1/2020;PROD_2;N;10000.0;5/2/2019;15/2/2022;36;1106;326.64;MENS;V;14.9;CONSUMO;A1;6993.55;0.0;0.0;0.0;0;6993.55;0;0;0;0;0;0;0;0;0;0
3248;31/1/2020;PROD_2;N;30000.0;6/2/2019;15/2/2024;60;1835;675.99;MENS;V;14.9;CONSUMO;D;0.0;807.52;25500.0;0.0;0;26307.52;108;108;36;0;1;1;1;0;0;0
3257;31/1/2020;PROD_2;N;3000.0;8/2/2019;20/2/2021;24;743;140.82;MENS;V;14.9;CONSUMO;C2;0.0;375.0;1875.0;0.0;0;2250.0;72;102;39;0;2;1;1;0;0;0
3258;31/1/2020;PROD_2;N;6000.0;8/2/2019;12/8/2021;30;916;230.05;MENS;V;14.9;CONSUMO;B1;0.0;200.0;4200.0;0.0;0;4400.0;19;49;19;0;3;0;0;0;0;0
3269;31/1/2020;PROD_2;N;8000.0;12/2/2019;15/2/2022;36;1099;261.31;MENS;V;14.9;CONSUMO;A1;5594.88;0.0;0.0;0.0;0;5594.88;0;2;1;0;0;0;0;0;0;0
3275;31/1/2020;PROD_2;N;10000.0;13/2/2019;15/2/2022;36;1098;326.64;MENS;V;14.9;CONSUMO;A1;6993.55;0.0;0.0;0.0;0;6993.55;0;4;1;0;0;0;0;0;0;0
3282;31/1/2020;PROD_2;N;3000.0;14/2/2019;27/2/2020;12;378;254.97;MENS;V;14.9;CONSUMO;A1;318.99;0.0;0.0;0.0;0;318.99;0;0;0;0;0;0;0;0;0;0
3285;31/1/2020;PROD_2;N;10000.0;14/2/2019;26/2/2022;36;1108;326.64;MENS;V;14.9;CONSUMO;A1;6993.55;0.0;0.0;0.0;0;6993.55;0;4;2;0;0;0;0;0;0;0
3289;31/1/2020;PROD_2;N;20000.0;15/2/2019;26/2/2023;48;1472;522.47;MENS;V;14.9;CONSUMO;B2;15467.57;365.73;0.0;0.0;0;15833.3;39;39;4;0;1;0;0;0;0;0
3300;31/1/2020;PROD_2;N;4000.0;19/2/2019;2/9/2020;19;561;236.72;MENS;V;14.9;CONSUMO;A1;1834.32;0.0;0.0;0.0;0;1834.32;0;1;1;0;0;0;0;0;0;0
3314;31/1/2020;PROD_2;N;7000.0;21/2/2019;5/3/2022;37;1108;229.91;MENS;V;14.9;CONSUMO;A1;5089.1;0.0;0.0;0.0;0;5089.1;0;24;8;0;0;0;0;0;0;0
3325;31/1/2020;PROD_2;N;10000.0;22/2/2019;8/3/2023;49;1475;265.38;MENS;V;14.9;CONSUMO;B1;0.0;208.33;8333.36;0.0;0;8541.69;23;62;25;0;2;1;0;0;0;0
3328;31/1/2020;PROD_2;N;8100.0;22/2/2019;8/3/2022;37;1110;266.04;MENS;V;14.9;CONSUMO;A1;5888.77;0.0;0.0;0.0;0;5888.77;0;171;57;0;2;1;1;0;0;0
3331;31/1/2020;PROD_2;N;10000.0;25/2/2019;5/3/2023;49;1469;262.59;MENS;V;14.9;CONSUMO;A1;7941.22;0.0;0.0;0.0;0;7941.22;0;37;13;0;1;0;0;0;0;0
3342;31/1/2020;PROD_2;N;20000.0;26/2/2019;13/3/2024;61;1842;446.16;MENS;V;14.9;CONSUMO;A1;16687.72;0.0;0.0;0.0;0;16687.72;0;0;0;0;0;0;0;0;0;0
3346;31/1/2020;PROD_2;N;15000.0;27/2/2019;28/2/2023;48;1462;391.84;MENS;V;14.9;CONSUMO;A1;11600.71;0.0;0.0;0.0;0;11600.71;0;2;1;0;0;0;0;0;0;0
3361;31/1/2020;PROD_2;N;12000.0;28/2/2019;5/3/2023;49;1466;315.11;MENS;V;14.9;CONSUMO;A1;9529.42;0.0;0.0;0.0;0;9529.42;0;1;1;0;0;0;0;0;0;0
3363;31/1/2020;PROD_2;N;10000.0;28/2/2019;10/3/2022;37;1106;328.44;MENS;V;14.9;CONSUMO;B1;7270.07;229.91;0.0;0.0;0;7499.98;25;25;2;0;0;0;0;0;0;0
3369;31/1/2020;PROD_2;N;10000.0;1/3/2019;10/3/2022;36;1105;328.44;MENS;V;14.9;CONSUMO;A1;7270.07;0.0;0.0;0.0;0;7270.07;0;11;5;0;0;0;0;0;0;0
3374;31/1/2020;PROD_2;N;3000.0;6/3/2019;5/3/2021;24;730;139.96;MENS;V;14.9;CONSUMO;C2;0.0;125.0;2000.0;0.0;0;2125.0;87;87;23;0;1;1;0;0;0;0
3386;31/1/2020;PROD_2;N;11000.0;11/3/2019;11/3/2021;24;731;506.16;MENS;V;14.9;CONSUMO;A1;6520.72;0.0;0.0;0.0;0;6520.72;0;18;8;0;0;0;0;0;0;0
3388;31/1/2020;PROD_2;N;8000.0;13/3/2019;28/3/2022;36;1111;264.17;MENS;V;14.9;CONSUMO;A1;6037.32;0.0;0.0;0.0;0;6037.32;0;43;14;0;1;0;0;0;0;0
3392;31/1/2020;PROD_2;N;6000.0;13/3/2019;13/3/2022;36;1096;197.06;MENS;V;14.9;CONSUMO;A1;4345.94;0.0;0.0;0.0;0;4345.94;0;3;2;0;0;0;0;0;0;0
3409;31/1/2020;PROD_2;N;20000.0;16/3/2019;26/3/2024;60;1837;448.28;MENS;V;14.9;CONSUMO;A1;17019.56;0.0;0.0;0.0;0;17019.56;0;29;10;0;0;0;0;0;0;0
3410;31/1/2020;PROD_2;N;15000.0;16/3/2019;27/3/2023;48;1472;393.88;MENS;V;14.9;CONSUMO;A1;11911.78;0.0;0.0;0.0;0;11911.78;0;0;0;0;0;0;0;0;0;0
3422;31/1/2020;PROD_2;N;4000.0;19/3/2019;19/3/2021;24;731;184.06;MENS;V;14.9;CONSUMO;A1;2357.56;0.0;0.0;0.0;0;2357.56;0;0;0;0;0;0;0;0;0;0
3423;31/1/2020;PROD_2;N;9000.0;19/3/2019;30/9/2022;42;1291;266.03;MENS;V;14.9;CONSUMO;D;0.0;214.29;7499.97;0.0;0;7714.26;93;93;36;0;3;1;2;0;0;0
3432;31/1/2020;PROD_2;N;3000.0;20/3/2019;20/3/2020;12;366;256.35;MENS;V;14.9;CONSUMO;A1;570.56;0.0;0.0;0.0;0;570.56;0;0;0;0;0;0;0;0;0;0
3445;31/1/2020;PROD_2;N;20000.0;22/3/2019;5/8/2023;53;1597;494.68;MENS;V;14.9;CONSUMO;A1;15929.53;0.0;0.0;0.0;0;15929.53;0;0;0;0;0;0;0;0;0;0
3462;31/1/2020;PROD_2;N;20000.0;27/3/2019;8/4/2024;61;1839;448.32;MENS;V;14.9;CONSUMO;A1;17019.54;0.0;0.0;0.0;0;17019.54;0;8;3;0;0;0;0;0;0;0
3465;31/1/2020;PROD_2;N;13000.0;28/3/2019;28/3/2022;36;1096;426.97;MENS;V;14.9;CONSUMO;A1;9451.13;0.0;0.0;0.0;0;9451.13;0;2;1;0;0;0;0;0;0;0
3469;31/1/2020;PROD_2;N;10000.0;28/3/2019;10/4/2023;49;1474;263.94;MENS;V;14.9;CONSUMO;A1;8148.6;0.0;0.0;0.0;0;8148.6;0;1;1;0;0;0;0;0;0;0
3473;31/1/2020;PROD_2;N;5000.0;29/3/2019;6/4/2022;37;1104;165.12;MENS;V;14.9;CONSUMO;A1;3773.3;0.0;0.0;0.0;0;3773.3;0;0;0;0;0;0;0;0;0;0
3474;31/1/2020;PROD_2;N;26500.0;29/3/2019;14/4/2025;73;2208;540.71;MENS;V;14.9;CONSUMO;E;0.0;2208.36;23923.58;26131.94;0;52263.88;231;231;108;0;1;1;1;1;0;0
3479;31/1/2020;PROD_2;N;10000.0;29/3/2019;3/4/2022;37;1101;330.24;MENS;V;14.9;CONSUMO;A1;7546.59;0.0;0.0;0.0;0;7546.59;0;1;1;0;0;0;0;0;0;0
3508;31/1/2020;PROD_2;N;5000.0;4/4/2019;10/10/2020;18;555;297.7;MENS;V;14.9;CONSUMO;A1;2379.21;0.0;0.0;0.0;0;2379.21;0;23;9;0;0;0;0;0;0;0
3516;31/1/2020;PROD_2;N;4000.0;6/4/2019;6/10/2020;18;549;238.17;MENS;V;14.9;CONSUMO;B2;2049.04;166.72;0.0;0.0;0;2215.76;39;39;7;0;1;0;0;0;0;0
3531;31/1/2020;PROD_2;N;15000.0;11/4/2019;15/4/2023;48;1465;395.91;MENS;V;14.9;CONSUMO;A1;12222.86;0.0;0.0;0.0;0;12222.86;0;0;0;0;0;0;0;0;0;0
3539;31/1/2020;PROD_2;N;25000.0;12/4/2019;12/4/2024;60;1827;560.4;MENS;V;14.9;CONSUMO;A1;21274.36;0.0;0.0;0.0;0;21274.36;0;0;0;0;0;0;0;0;0;0
3565;31/1/2020;PROD_2;N;7000.0;18/4/2019;2/5/2021;25;745;331.53;MENS;V;14.9;CONSUMO;C1;0.0;583.34;5249.98;0.0;0;5833.32;60;90;39;0;1;1;1;0;0;0
3566;31/1/2020;PROD_2;N;30000.0;18/4/2019;26/4/2021;24;739;1396.69;MENS;V;14.9;CONSUMO;A1;20272.32;0.0;0.0;0.0;0;20272.32;0;34;12;0;3;0;0;0;0;0
3568;31/1/2020;PROD_2;N;20000.0;18/4/2019;18/4/2024;60;1827;448.32;MENS;V;14.9;CONSUMO;A1;17019.54;0.0;0.0;0.0;0;17019.54;0;0;0;0;0;0;0;0;0;0
3590;31/1/2020;PROD_2;N;20000.0;25/4/2019;26/4/2023;48;1462;527.88;MENS;V;14.9;CONSUMO;A1;16242.07;0.0;0.0;0.0;0;16242.07;0;31;11;0;1;0;0;0;0;0
3597;31/1/2020;PROD_2;N;6000.0;26/4/2019;30/4/2020;12;370;516.3;MENS;V;14.9;CONSUMO;A1;1638.59;0.0;0.0;0.0;0;1638.59;0;0;0;0;0;0;0;0;0;0
3606;31/1/2020;PROD_2;N;2000.0;27/4/2019;4/5/2021;25;738;93.11;MENS;V;14.9;CONSUMO;A1;1351.51;0.0;0.0;0.0;0;1351.51;0;0;0;0;0;0;0;0;0;0
3608;31/1/2020;PROD_2;N;15000.0;27/4/2019;7/5/2021;25;741;698.33;MENS;V;14.9;CONSUMO;A1;10122.06;0.0;0.0;0.0;0;10122.06;0;0;0;0;0;0;0;0;0;0
3623;31/1/2020;PROD_2;N;18000.0;30/4/2019;5/6/2022;38;1132;600.94;MENS;V;14.9;CONSUMO;A1;14167.84;0.0;0.0;0.0;0;14167.84;0;0;0;0;0;0;0;0;0;0
3631;31/1/2020;PROD_2;N;2500.0;1/5/2019;2/5/2021;24;732;116.38;MENS;V;14.9;CONSUMO;A1;1689.34;0.0;0.0;0.0;0;1689.34;0;0;0;0;0;0;0;0;0;0
3635;31/1/2020;PROD_2;N;2000.0;2/5/2019;2/11/2020;18;550;119.81;MENS;V;14.9;CONSUMO;A1;1138.36;0.0;0.0;0.0;0;1138.36;0;27;10;0;0;0;0;0;0;0
3637;31/1/2020;PROD_2;N;6500.0;2/5/2019;5/5/2021;24;734;302.62;MENS;V;14.9;CONSUMO;A1;4392.36;0.0;0.0;0.0;0;4392.36;0;5;3;0;0;0;0;0;0;0
3639;31/1/2020;PROD_2;N;25000.0;6/5/2019;6/5/2022;36;1096;830.12;MENS;V;14.9;CONSUMO;A1;19557.84;0.0;0.0;0.0;0;19557.84;0;13;5;0;0;0;0;0;0;0
3644;31/1/2020;PROD_2;N;10000.0;7/5/2019;10/5/2021;24;734;13042.1;IRREG;V;14.9;CONSUMO;A1;870.53;0.0;0.0;0.0;0;870.53;0;0;0;0;0;0;0;0;0;0
3656;31/1/2020;PROD_2;N;18000.0;9/5/2019;12/11/2022;42;1283;529.03;MENS;V;14.9;CONSUMO;A1;14629.69;0.0;0.0;0.0;0;14629.69;0;1;1;0;0;0;0;0;0;0
3658;31/1/2020;PROD_2;N;12000.0;9/5/2019;15/5/2022;36;1102;398.46;MENS;V;14.9;CONSUMO;A1;9387.77;0.0;0.0;0.0;0;9387.77;0;0;0;0;0;0;0;0;0;0
3662;31/1/2020;PROD_2;N;10000.0;10/5/2019;10/5/2022;36;1096;332.05;MENS;V;14.9;CONSUMO;A1;7818.91;0.0;0.0;0.0;0;7818.91;0;0;0;0;0;0;0;0;0;0
3663;31/1/2020;PROD_2;N;8000.0;10/5/2019;10/5/2022;36;1096;256.93;MENS;V;14.9;CONSUMO;B1;4925.0;179.85;0.0;0.0;0;5104.85;23;23;3;0;0;0;0;0;0;0
3667;31/1/2020;PROD_2;N;20000.0;10/5/2019;15/5/2024;60;1832;450.49;MENS;V;14.9;CONSUMO;A1;17351.35;0.0;0.0;0.0;0;17351.35;0;8;3;0;0;0;0;0;0;0
3670;31/1/2020;PROD_2;N;3000.0;11/5/2019;15/5/2021;24;735;139.67;MENS;V;14.9;CONSUMO;A1;1978.62;0.0;0.0;0.0;0;1978.62;0;4;2;0;0;0;0;0;0;0
3674;31/1/2020;PROD_2;N;9000.0;13/5/2019;27/5/2021;24;745;419.0;MENS;V;14.9;CONSUMO;A1;6081.7;0.0;0.0;0.0;0;6081.7;0;0;0;0;0;0;0;0;0;0
3675;31/1/2020;PROD_2;N;10000.0;13/5/2019;15/11/2021;30;917;385.45;MENS;V;14.9;CONSUMO;A1;7396.88;0.0;0.0;0.0;0;7396.88;0;5;3;0;0;0;0;0;0;0
3683;31/1/2020;PROD_2;N;8000.0;15/5/2019;20/5/2022;36;1101;268.61;MENS;V;14.9;CONSUMO;C2;0.0;164.41;6666.68;0.0;0;6831.09;72;72;23;0;1;1;0;0;0;0
3687;31/1/2020;PROD_2;N;4000.0;16/5/2019;16/5/2022;36;1096;132.82;MENS;V;14.9;CONSUMO;A1;3129.26;0.0;0.0;0.0;0;3129.26;0;2;1;0;0;0;0;0;0;0
3701;31/1/2020;PROD_2;N;5000.0;21/5/2019;5/6/2021;25;746;234.13;MENS;V;14.9;CONSUMO;A1;3586.13;0.0;0.0;0.0;0;3586.13;0;0;0;0;0;0;0;0;0;0
3704;31/1/2020;PROD_2;N;20000.0;22/5/2019;22/5/2023;48;1461;530.59;MENS;V;14.9;CONSUMO;B1;16711.9;371.41;0.0;0.0;0;17083.31;16;16;4;0;0;0;0;0;0;0
3706;31/1/2020;PROD_2;N;3000.0;22/5/2019;5/12/2020;19;563;180.8;MENS;V;14.9;CONSUMO;A1;1870.31;0.0;0.0;0.0;0;1870.31;0;2;1;0;0;0;0;0;0;0
3708;31/1/2020;PROD_2;N;20000.0;22/5/2019;26/5/2024;60;1831;450.49;MENS;V;14.9;CONSUMO;A1;17306.62;0.0;0.0;0.0;0;17306.62;0;0;0;0;0;0;0;0;0;0
3709;31/1/2020;PROD_2;N;15000.0;22/5/2019;5/6/2023;49;1475;399.97;MENS;V;14.9;CONSUMO;A1;12616.27;0.0;0.0;0.0;0;12616.27;0;0;0;0;0;0;0;0;0;0
3717;31/1/2020;PROD_2;N;15000.0;23/5/2019;1/6/2022;37;1105;500.78;MENS;V;14.9;CONSUMO;A1;12149.43;0.0;0.0;0.0;0;12149.43;0;0;0;0;0;0;0;0;0;0
3720;31/1/2020;PROD_2;N;10000.0;25/5/2019;9/6/2022;37;1111;333.85;MENS;V;14.9;CONSUMO;A1;8099.62;0.0;0.0;0.0;0;8099.62;0;0;0;0;0;0;0;0;0;0
3721;31/1/2020;PROD_2;N;13000.0;25/5/2019;9/6/2022;37;1111;434.01;MENS;V;14.9;CONSUMO;A1;10529.53;0.0;0.0;0.0;0;10529.53;0;19;7;0;0;0;0;0;0;0
3724;31/1/2020;PROD_2;N;20000.0;27/5/2019;1/6/2025;73;2197;398.91;MENS;V;14.9;CONSUMO;A1;18054.08;0.0;0.0;0.0;0;18054.08;0;3;1;0;0;0;0;0;0;0
3732;31/1/2020;PROD_2;N;11000.0;28/5/2019;5/6/2023;49;1469;293.31;MENS;V;14.9;CONSUMO;A1;9419.66;0.0;0.0;0.0;0;9419.66;0;0;0;0;0;0;0;0;0;0
3738;31/1/2020;PROD_2;N;5000.0;28/5/2019;12/12/2020;19;564;301.33;MENS;V;14.9;CONSUMO;A1;3119.96;0.0;0.0;0.0;0;3119.96;0;0;0;0;0;0;0;0;0;0
3743;31/1/2020;PROD_2;N;5000.0;29/5/2019;10/12/2021;31;926;193.81;MENS;V;14.9;CONSUMO;A3;3856.47;135.67;0.0;0.0;0;3992.14;11;11;2;0;0;0;0;0;0;0
3744;31/1/2020;PROD_2;N;2000.0;29/5/2019;5/6/2020;13;373;174.28;MENS;V;14.9;CONSUMO;A3;871.58;122.0;0.0;0.0;0;993.58;15;16;8;0;0;0;0;0;0;0
3751;31/1/2020;PROD_2;N;15000.0;30/5/2019;5/6/2023;49;1467;399.97;MENS;V;14.9;CONSUMO;A1;12845.02;0.0;0.0;0.0;0;12845.02;0;17;6;0;0;0;0;0;0;0
3755;31/1/2020;PROD_2;N;25000.0;30/5/2019;2/6/2025;73;2195;496.3;MENS;V;14.9;CONSUMO;B2;22203.05;347.41;0.0;0.0;0;22550.46;31;31;4;0;1;0;0;0;0;0
3757;31/1/2020;PROD_2;N;8000.0;31/5/2019;5/6/2022;37;1101;269.99;MENS;V;14.9;CONSUMO;C2;0.0;222.22;6888.9;0.0;0;7111.12;87;87;30;0;1;1;0;0;0;0
3759;31/1/2020;PROD_2;N;1000.0;31/5/2019;14/6/2020;13;380;86.58;MENS;V;14.9;CONSUMO;A1;291.46;0.0;0.0;0.0;0;291.46;0;43;16;0;1;0;0;0;0;0
3764;31/1/2020;PROD_2;N;20000.0;31/5/2019;5/6/2025;73;2197;398.91;MENS;V;14.9;CONSUMO;A1;18054.08;0.0;0.0;0.0;0;18054.08;0;7;4;0;0;0;0;0;0;0
3767;31/1/2020;PROD_2;N;20000.0;31/5/2019;5/6/2024;61;1832;452.66;MENS;V;14.9;CONSUMO;A1;17683.16;0.0;0.0;0.0;0;17683.16;0;0;0;0;0;0;0;0;0;0
3773;31/1/2020;PROD_2;N;10000.0;3/6/2019;10/6/2022;36;1103;333.85;MENS;V;14.9;CONSUMO;B2;8099.62;233.69;0.0;0.0;0;8333.31;44;44;6;0;1;0;0;0;0;0
3779;31/1/2020;PROD_2;N;20000.0;4/6/2019;5/6/2024;60;1828;452.66;MENS;V;14.9;CONSUMO;A1;17683.16;0.0;0.0;0.0;0;17683.16;0;4;2;0;0;0;0;0;0;0
3785;31/1/2020;PROD_2;N;10000.0;6/6/2019;10/6/2022;36;1100;333.85;MENS;V;14.9;CONSUMO;A1;8099.62;0.0;0.0;0.0;0;8099.62;0;17;6;0;0;0;0;0;0;0
3787;31/1/2020;PROD_2;N;1200.0;6/6/2019;12/6/2020;12;372;104.57;MENS;V;14.9;CONSUMO;A1;526.8;0.0;0.0;0.0;0;526.8;0;46;15;0;1;0;0;0;0;0
3790;31/1/2020;PROD_2;N;30000.0;8/6/2019;15/6/2025;72;2199;598.37;MENS;V;14.9;CONSUMO;A1;27081.12;0.0;0.0;0.0;0;27081.12;0;0;0;0;0;0;0;0;0;0
3798;31/1/2020;PROD_2;N;7000.0;10/6/2019;10/6/2022;36;1096;233.7;MENS;V;14.9;CONSUMO;A1;5669.77;0.0;0.0;0.0;0;5669.77;0;0;0;0;0;0;0;0;0;0
3800;31/1/2020;PROD_2;N;10000.0;10/6/2019;15/6/2023;48;1466;267.99;MENS;V;14.9;CONSUMO;A1;8770.76;0.0;0.0;0.0;0;8770.76;0;41;12;0;1;0;0;0;0;0
3806;31/1/2020;PROD_2;N;5000.0;11/6/2019;11/6/2021;24;731;234.13;MENS;V;14.9;CONSUMO;B1;3570.51;163.89;0.0;0.0;0;3734.4;16;19;11;0;0;0;0;0;0;0
3808;31/1/2020;PROD_2;N;5000.0;11/6/2019;11/6/2022;36;1096;166.93;MENS;V;14.9;CONSUMO;A1;4049.81;0.0;0.0;0.0;0;4049.81;0;0;0;0;0;0;0;0;0;0
3810;31/1/2020;PROD_2;N;6000.0;12/6/2019;27/6/2021;24;746;280.96;MENS;V;14.9;CONSUMO;A1;4303.33;0.0;0.0;0.0;0;4303.33;0;0;0;0;0;0;0;0;0;0
3817;31/1/2020;PROD_2;N;10000.0;13/6/2019;15/6/2023;48;1463;266.65;MENS;V;14.9;CONSUMO;A1;8547.11;0.0;0.0;0.0;0;8547.11;0;0;0;0;0;0;0;0;0;0
3819;31/1/2020;PROD_2;N;7000.0;13/6/2019;13/12/2020;18;549;421.87;MENS;V;14.9;CONSUMO;A1;4247.74;0.0;0.0;0.0;0;4247.74;0;0;0;0;0;0;0;0;0;0
3838;31/1/2020;PROD_2;N;10000.0;18/6/2019;3/7/2022;37;1111;335.66;MENS;V;14.9;CONSUMO;A1;8376.14;0.0;0.0;0.0;0;8376.14;0;0;0;0;0;0;0;0;0;0
3843;31/1/2020;PROD_2;N;15000.0;18/6/2019;3/7/2023;49;1476;402.0;MENS;V;14.9;CONSUMO;A1;13156.1;0.0;0.0;0.0;0;13156.1;0;10;3;0;0;0;0;0;0;0
3847;31/1/2020;PROD_2;N;10000.0;19/6/2019;4/7/2022;37;1111;335.66;MENS;V;14.9;CONSUMO;A1;8376.14;0.0;0.0;0.0;0;8376.14;0;9;3;0;0;0;0;0;0;0
3848;31/1/2020;PROD_2;N;20000.0;19/6/2019;4/7/2024;61;1842;454.83;MENS;V;14.9;CONSUMO;A1;18014.97;0.0;0.0;0.0;0;18014.97;0;0;0;0;0;0;0;0;0;0
3850;31/1/2020;PROD_2;N;10000.0;19/6/2019;4/7/2021;25;746;470.96;MENS;V;14.9;CONSUMO;A1;7586.98;0.0;0.0;0.0;0;7586.98;0;4;2;0;0;0;0;0;0;0
3864;31/1/2020;PROD_2;N;7000.0;24/6/2019;3/7/2022;37;1105;234.96;MENS;V;14.9;CONSUMO;B2;5863.33;164.47;0.0;0.0;0;6027.8;44;49;22;0;2;0;0;0;0;0
3869;31/1/2020;PROD_2;N;9000.0;25/6/2019;9/7/2022;37;1110;302.09;MENS;V;14.9;CONSUMO;A1;7538.54;0.0;0.0;0.0;0;7538.54;0;4;2;0;0;0;0;0;0;0
3870;31/1/2020;PROD_2;N;10000.0;26/6/2019;10/7/2021;25;745;470.96;MENS;V;14.9;CONSUMO;A1;7573.14;0.0;0.0;0.0;0;7573.14;0;3;2;0;0;0;0;0;0;0
3887;31/1/2020;PROD_2;N;27000.0;28/6/2019;5/7/2025;73;2199;540.97;MENS;V;14.9;CONSUMO;A1;24746.32;0.0;0.0;0.0;0;24746.32;0;10;3;0;0;0;0;0;0;0
3888;31/1/2020;PROD_2;N;20000.0;28/6/2019;5/7/2024;61;1834;454.83;MENS;V;14.9;CONSUMO;A1;18014.97;0.0;0.0;0.0;0;18014.97;0;2;1;0;0;0;0;0;0;0
3892;31/1/2020;PROD_2;N;10000.0;28/6/2019;5/7/2022;37;1103;339.63;MENS;V;14.9;CONSUMO;C2;0.0;277.78;8888.88;0.0;0;9166.66;87;87;36;0;1;2;0;0;0;0
3893;31/1/2020;PROD_2;N;15000.0;28/6/2019;30/6/2022;36;1098;500.75;MENS;V;14.9;CONSUMO;A1;12149.45;0.0;0.0;0.0;0;12149.45;0;1;1;0;0;0;0;0;0;0
3894;31/1/2020;PROD_2;N;20000.0;28/6/2019;12/7/2024;61;1841;454.83;MENS;V;14.9;CONSUMO;A1;18014.97;0.0;0.0;0.0;0;18014.97;0;0;0;0;0;0;0;0;0;0
3895;31/1/2020;PROD_2;N;7000.0;28/6/2019;10/7/2022;37;1108;234.96;MENS;V;14.9;CONSUMO;B2;5863.33;164.47;0.0;0.0;0;6027.8;44;44;7;0;1;0;0;0;0;0
3897;31/1/2020;PROD_2;N;5000.0;28/6/2019;8/7/2022;37;1106;167.83;MENS;V;14.9;CONSUMO;A1;4185.33;0.0;0.0;0.0;0;4185.33;0;10;4;0;0;0;0;0;0;0
3900;31/1/2020;PROD_2;N;5000.0;29/6/2019;15/7/2022;37;1112;167.83;MENS;V;14.9;CONSUMO;A1;4178.57;0.0;0.0;0.0;0;4178.57;0;0;0;0;0;0;0;0;0;0
3901;31/1/2020;PROD_2;N;10000.0;29/6/2019;5/7/2022;37;1102;335.66;MENS;V;14.9;CONSUMO;A1;8376.14;0.0;0.0;0.0;0;8376.14;0;0;0;0;0;0;0;0;0;0
3902;31/1/2020;PROD_2;N;15000.0;29/6/2019;5/7/2022;37;1102;503.49;MENS;V;14.9;CONSUMO;A1;12564.21;0.0;0.0;0.0;0;12564.21;0;1;1;0;0;0;0;0;0;0
3917;31/1/2020;PROD_2;N;6000.0;5/7/2019;10/7/2022;36;1101;200.27;MENS;V;14.9;CONSUMO;A1;4827.26;0.0;0.0;0.0;0;4827.26;0;0;0;0;0;0;0;0;0;0
3919;31/1/2020;PROD_2;N;20000.0;5/7/2019;16/7/2024;60;1838;454.83;MENS;V;14.9;CONSUMO;A1;18014.97;0.0;0.0;0.0;0;18014.97;0;0;0;0;0;0;0;0;0;0
3933;31/1/2020;PROD_2;N;8000.0;9/7/2019;10/1/2021;18;551;485.03;MENS;V;14.9;CONSUMO;A1;5435.52;0.0;0.0;0.0;0;5435.52;0;7;3;0;0;0;0;0;0;0
3934;31/1/2020;PROD_2;N;3000.0;9/7/2019;9/7/2021;24;731;141.29;MENS;V;14.9;CONSUMO;A1;2276.1;0.0;0.0;0.0;0;2276.1;0;53;22;0;2;0;0;0;0;0
3936;31/1/2020;PROD_2;N;1200.0;9/7/2019;10/7/2020;12;367;105.22;MENS;V;14.9;CONSUMO;A1;626.35;0.0;0.0;0.0;0;626.35;0;0;0;0;0;0;0;0;0;0
3947;31/1/2020;PROD_2;N;10000.0;12/7/2019;15/7/2022;36;1099;335.66;MENS;V;14.9;CONSUMO;A1;8376.14;0.0;0.0;0.0;0;8376.14;0;0;0;0;0;0;0;0;0;0
3948;31/1/2020;PROD_2;N;10000.0;12/7/2019;15/7/2023;48;1464;268.0;MENS;V;14.9;CONSUMO;A1;8770.75;0.0;0.0;0.0;0;8770.75;0;7;2;0;0;0;0;0;0;0
3954;31/1/2020;PROD_2;N;20000.0;15/7/2019;15/7/2025;72;2192;400.72;MENS;V;14.9;CONSUMO;A1;18330.6;0.0;0.0;0.0;0;18330.6;0;0;0;0;0;0;0;0;0;0
3966;31/1/2020;PROD_2;N;10000.0;17/7/2019;26/7/2022;36;1105;335.66;MENS;V;14.9;CONSUMO;A1;8353.94;0.0;0.0;0.0;0;8353.94;0;0;0;0;0;0;0;0;0;0
3973;31/1/2020;PROD_2;N;3000.0;18/7/2019;2/8/2021;25;746;141.26;MENS;V;14.9;CONSUMO;A1;2272.07;0.0;0.0;0.0;0;2272.07;0;0;0;0;0;0;0;0;0;0
3975;31/1/2020;PROD_2;N;2500.0;19/7/2019;3/8/2020;13;381;220.56;MENS;V;14.9;CONSUMO;A1;1511.54;0.0;0.0;0.0;0;1511.54;0;0;0;0;0;0;0;0;0;0
3978;31/1/2020;PROD_2;N;20000.0;19/7/2019;19/8/2024;61;1858;457.0;MENS;V;14.9;CONSUMO;A1;18346.78;0.0;0.0;0.0;0;18346.78;0;3;1;0;0;0;0;0;0;0
3979;31/1/2020;PROD_2;N;990.0;19/7/2019;19/7/2020;12;366;86.66;MENS;V;14.9;CONSUMO;A1;516.84;0.0;0.0;0.0;0;516.84;0;0;0;0;0;0;0;0;0;0
3989;31/1/2020;PROD_2;N;13000.0;22/7/2019;6/2/2021;19;565;792.91;MENS;V;14.9;CONSUMO;B1;9556.08;555.04;0.0;0.0;0;10111.12;22;22;4;0;0;0;0;0;0;0
3990;31/1/2020;PROD_2;N;20000.0;22/7/2019;30/7/2024;60;1835;454.81;MENS;V;14.9;CONSUMO;A1;17960.75;0.0;0.0;0.0;0;17960.75;0;0;0;0;0;0;0;0;0;0
3992;31/1/2020;PROD_2;N;9000.0;22/7/2019;6/2/2023;43;1295;268.7;MENS;V;14.9;CONSUMO;A1;7954.75;0.0;0.0;0.0;0;7954.75;0;9;3;0;0;0;0;0;0;0
3993;31/1/2020;PROD_2;N;30000.0;23/7/2019;23/7/2025;72;2192;601.08;MENS;V;14.9;CONSUMO;A1;27435.09;0.0;0.0;0.0;0;27435.09;0;0;0;0;0;0;0;0;0;0
4007;31/1/2020;PROD_2;N;2400.0;24/7/2019;27/7/2021;24;734;113.67;MENS;V;14.9;CONSUMO;B2;1920.43;79.57;0.0;0.0;0;2000.0;35;35;18;0;2;0;0;0;0;0
4008;31/1/2020;PROD_2;N;1200.0;24/7/2019;17/7/2020;12;359;1378.8;VCTO;V;14.9;CONSUMO;A1;234.84;0.0;0.0;0.0;0;234.84;0;0;0;0;0;0;0;0;0;0
4009;31/1/2020;PROD_2;N;10000.0;24/7/2019;5/8/2022;37;1108;337.47;MENS;V;14.9;CONSUMO;A1;8652.65;0.0;0.0;0.0;0;8652.65;0;1;1;0;0;0;0;0;0;0
4012;31/1/2020;PROD_2;N;2000.0;25/7/2019;9/8/2020;13;381;176.45;MENS;V;14.9;CONSUMO;A1;1209.8;0.0;0.0;0.0;0;1209.8;0;14;4;0;0;0;0;0;0;0
4024;31/1/2020;PROD_2;N;10000.0;26/7/2019;26/7/2022;36;1096;337.44;MENS;V;14.9;CONSUMO;B2;8652.67;236.21;0.0;0.0;0;8888.88;36;36;8;0;1;0;0;0;0;0
4026;31/1/2020;PROD_2;N;5000.0;27/7/2019;5/2/2022;31;924;195.98;MENS;V;14.9;CONSUMO;A1;4196.13;0.0;0.0;0.0;0;4196.13;0;0;0;0;0;0;0;0;0;0
4027;31/1/2020;PROD_2;N;20000.0;29/7/2019;12/8/2024;61;1841;457.0;MENS;V;14.9;CONSUMO;A1;18322.27;0.0;0.0;0.0;0;18322.27;0;0;0;0;0;0;0;0;0;0
4029;31/1/2020;PROD_2;N;13000.0;29/7/2019;10/8/2023;49;1473;350.16;MENS;V;14.9;CONSUMO;A1;11671.57;0.0;0.0;0.0;0;11671.57;0;3;1;0;0;0;0;0;0;0
4035;31/1/2020;PROD_2;N;8000.0;30/7/2019;2/8/2022;37;1099;269.97;MENS;V;14.9;CONSUMO;A1;6922.14;0.0;0.0;0.0;0;6922.14;0;17;8;0;0;0;0;0;0;0
4036;31/1/2020;PROD_2;N;10000.0;30/7/2019;8/8/2022;37;1105;337.46;MENS;V;14.9;CONSUMO;A1;8652.66;0.0;0.0;0.0;0;8652.66;0;14;6;0;0;0;0;0;0;0
4038;31/1/2020;PROD_2;N;20000.0;31/7/2019;5/8/2024;61;1832;457.0;MENS;V;14.9;CONSUMO;A1;18318.37;0.0;0.0;0.0;0;18318.37;0;0;0;0;0;0;0;0;0;0
4048;31/1/2020;PROD_2;N;1000.0;31/7/2019;2/2/2020;7;186;1077.4;SEMES;V;14.9;CONSUMO;A1;245.82;0.0;0.0;0.0;0;245.82;0;0;0;0;0;0;0;0;0;0
4052;31/1/2020;PROD_2;N;13000.0;31/7/2019;5/8/2023;49;1466;348.34;MENS;V;14.9;CONSUMO;A1;11361.47;0.0;0.0;0.0;0;11361.47;0;0;0;0;0;0;0;0;0;0
4054;31/1/2020;PROD_2;N;10000.0;1/8/2019;15/8/2023;48;1475;269.36;MENS;V;14.9;CONSUMO;A1;8970.29;0.0;0.0;0.0;0;8970.29;0;2;1;0;0;0;0;0;0;0
4058;31/1/2020;PROD_2;N;3000.0;3/8/2019;5/8/2021;24;733;142.1;MENS;V;14.9;CONSUMO;A1;2400.53;0.0;0.0;0.0;0;2400.53;0;0;0;0;0;0;0;0;0;0
4063;31/1/2020;PROD_2;N;5000.0;6/8/2019;6/8/2022;36;1096;168.73;MENS;V;14.9;CONSUMO;A1;4326.33;0.0;0.0;0.0;0;4326.33;0;17;6;0;0;0;0;0;0;0
4064;31/1/2020;PROD_2;N;8000.0;6/8/2019;20/8/2022;36;1110;269.97;MENS;V;14.9;CONSUMO;A1;6922.14;0.0;0.0;0.0;0;6922.14;0;4;2;0;0;0;0;0;0;0
4066;31/1/2020;PROD_2;N;5000.0;7/8/2019;7/8/2022;36;1096;168.73;MENS;V;14.9;CONSUMO;A1;4321.89;0.0;0.0;0.0;0;4321.89;0;0;0;0;0;0;0;0;0;0
4069;31/1/2020;PROD_2;N;3000.0;8/8/2019;10/2/2020;6;186;509.94;MENS;V;14.9;CONSUMO;A1;643.04;0.0;0.0;0.0;0;643.04;0;8;2;0;0;0;0;0;0;0
4070;31/1/2020;PROD_2;N;8000.0;8/8/2019;10/8/2022;36;1098;274.52;MENS;V;14.9;CONSUMO;D;0.0;444.44;7333.34;0.0;0;7777.78;113;113;54;0;1;1;1;0;0;0
4076;31/1/2020;PROD_2;N;20000.0;9/8/2019;9/8/2022;36;1096;674.93;MENS;V;14.9;CONSUMO;A1;17305.31;0.0;0.0;0.0;0;17305.31;0;0;0;0;0;0;0;0;0;0
4077;31/1/2020;PROD_2;N;10000.0;9/8/2019;10/8/2022;36;1097;337.46;MENS;V;14.9;CONSUMO;A1;8652.66;0.0;0.0;0.0;0;8652.66;0;9;3;0;0;0;0;0;0;0
4078;31/1/2020;PROD_2;N;500.0;12/8/2019;12/2/2020;6;184;84.95;MENS;V;14.9;CONSUMO;A2;106.78;59.46;0.0;0.0;0;166.24;5;5;2;0;0;0;0;0;0;0
4080;31/1/2020;PROD_2;N;13000.0;12/8/2019;15/8/2022;36;1099;438.7;MENS;V;14.9;CONSUMO;B1;11248.47;307.09;0.0;0.0;0;11555.56;22;22;6;0;0;0;0;0;0;0
4088;31/1/2020;PROD_2;N;5000.0;13/8/2019;13/8/2021;24;731;236.84;MENS;V;14.9;CONSUMO;A1;4000.89;0.0;0.0;0.0;0;4000.89;0;16;6;0;0;0;0;0;0;0
4090;31/1/2020;PROD_2;N;11000.0;14/8/2019;15/8/2021;24;732;521.04;MENS;V;14.9;CONSUMO;A1;8801.95;0.0;0.0;0.0;0;8801.95;0;0;0;0;0;0;0;0;0;0
4095;31/1/2020;PROD_2;N;10000.0;14/8/2019;15/8/2021;24;732;473.67;MENS;V;14.9;CONSUMO;A1;8001.75;0.0;0.0;0.0;0;8001.75;0;0;0;0;0;0;0;0;0;0
4100;31/1/2020;PROD_2;N;10000.0;15/8/2019;15/2/2023;42;1280;298.55;MENS;V;14.9;CONSUMO;A1;8833.91;0.0;0.0;0.0;0;8833.91;0;0;0;0;0;0;0;0;0;0
4105;31/1/2020;PROD_2;N;13000.0;19/8/2019;19/8/2022;36;1096;438.7;MENS;V;14.9;CONSUMO;A1;11248.47;0.0;0.0;0.0;0;11248.47;0;0;0;0;0;0;0;0;0;0
4107;31/1/2020;PROD_2;N;20000.0;19/8/2019;3/9/2023;49;1476;541.42;MENS;V;14.9;CONSUMO;A1;18371.0;0.0;0.0;0.0;0;18371.0;0;1;1;0;0;0;0;0;0;0
4110;31/1/2020;PROD_2;N;5000.0;19/8/2019;2/3/2022;31;926;197.06;MENS;V;14.9;CONSUMO;A1;4362.05;0.0;0.0;0.0;0;4362.05;0;0;0;0;0;0;0;0;0;0
4111;31/1/2020;PROD_2;N;20000.0;19/8/2019;26/8/2024;60;1834;457.0;MENS;V;14.9;CONSUMO;A1;18346.78;0.0;0.0;0.0;0;18346.78;0;3;2;0;0;0;0;0;0;0
4113;31/1/2020;PROD_2;N;14300.0;21/8/2019;28/8/2024;60;1834;328.28;MENS;V;14.9;CONSUMO;B2;13345.8;229.8;0.0;0.0;0;13575.6;34;34;8;0;1;0;0;0;0;0
4117;31/1/2020;PROD_2;N;17000.0;22/8/2019;22/8/2024;60;1827;388.45;MENS;V;14.9;CONSUMO;A1;15581.97;0.0;0.0;0.0;0;15581.97;0;6;2;0;0;0;0;0;0;0
4122;31/1/2020;PROD_2;N;7000.0;23/8/2019;5/9/2022;37;1109;237.49;MENS;V;14.9;CONSUMO;A1;6208.17;0.0;0.0;0.0;0;6208.17;0;0;0;0;0;0;0;0;0;0
4125;31/1/2020;PROD_2;N;670.0;24/8/2019;24/2/2020;6;184;113.81;MENS;V;14.9;CONSUMO;A1;143.65;0.0;0.0;0.0;0;143.65;0;0;0;0;0;0;0;0;0;0
4134;31/1/2020;PROD_2;N;15000.0;26/8/2019;30/8/2023;48;1465;404.01;MENS;V;14.9;CONSUMO;A1;13402.43;0.0;0.0;0.0;0;13402.43;0;0;0;0;0;0;0;0;0;0
4136;31/1/2020;PROD_2;N;9000.0;26/8/2019;1/9/2020;13;372;10389.44;ANU;V;14.9;CONSUMO;A1;1727.39;0.0;0.0;0.0;0;1727.39;0;0;0;0;0;0;0;0;0;0
4137;31/1/2020;PROD_2;N;1000.0;27/8/2019;10/9/2020;13;380;88.77;MENS;V;14.9;CONSUMO;A1;687.87;0.0;0.0;0.0;0;687.87;0;0;0;0;0;0;0;0;0;0
4149;31/1/2020;PROD_2;N;4000.0;28/8/2019;28/8/2021;24;731;189.47;MENS;V;14.9;CONSUMO;A1;3200.69;0.0;0.0;0.0;0;3200.69;0;0;0;0;0;0;0;0;0;0
4153;31/1/2020;PROD_2;N;3000.0;29/8/2019;30/8/2021;24;732;143.79;MENS;V;14.9;CONSUMO;C1;2613.6;100.65;0.0;0.0;0;2714.25;62;62;25;0;1;1;0;0;0;0
4160;31/1/2020;PROD_2;N;15000.0;30/8/2019;5/9/2022;37;1102;508.91;MENS;V;14.9;CONSUMO;A1;13393.75;0.0;0.0;0.0;0;13393.75;0;0;0;0;0;0;0;0;0;0
4161;31/1/2020;PROD_2;N;7000.0;30/8/2019;30/8/2022;36;1096;236.21;MENS;V;14.9;CONSUMO;B2;6056.89;165.35;0.0;0.0;0;6222.24;44;44;9;0;1;0;0;0;0;0
4165;31/1/2020;PROD_2;N;30000.0;30/8/2019;5/9/2025;73;2198;606.5;MENS;V;14.9;CONSUMO;A1;28325.44;0.0;0.0;0.0;0;28325.44;0;1;1;0;0;0;0;0;0;0
4174;31/1/2020;PROD_2;N;10000.0;31/8/2019;7/9/2022;37;1103;339.27;MENS;V;14.9;CONSUMO;A1;8925.24;0.0;0.0;0.0;0;8925.24;0;3;2;0;0;0;0;0;0;0
4183;31/1/2020;PROD_2;N;20000.0;31/8/2019;5/10/2024;62;1862;461.34;MENS;V;14.9;CONSUMO;A1;19010.4;0.0;0.0;0.0;0;19010.4;0;0;0;0;0;0;0;0;0;0
4191;31/1/2020;PROD_2;N;20000.0;5/9/2019;16/9/2021;24;742;952.77;MENS;V;14.9;CONSUMO;A1;16833.07;0.0;0.0;0.0;0;16833.07;0;2;1;0;0;0;0;0;0;0
4194;31/1/2020;PROD_2;N;5000.0;6/9/2019;6/9/2020;12;366;443.84;MENS;V;14.9;CONSUMO;A1;3439.3;0.0;0.0;0.0;0;3439.3;0;8;3;0;0;0;0;0;0;0
4198;31/1/2020;PROD_2;N;4000.0;6/9/2019;8/3/2022;30;914;157.65;MENS;V;14.9;CONSUMO;A1;3489.66;0.0;0.0;0.0;0;3489.66;0;1;1;0;0;0;0;0;0;0
4205;31/1/2020;PROD_2;N;3000.0;10/9/2019;10/9/2021;24;731;142.92;MENS;V;14.9;CONSUMO;A1;2495.79;0.0;0.0;0.0;0;2495.79;0;3;2;0;0;0;0;0;0;0
4210;31/1/2020;PROD_2;N;2700.0;11/9/2019;15/3/2021;18;551;165.65;MENS;V;14.9;CONSUMO;A1;2089.31;0.0;0.0;0.0;0;2089.31;0;0;0;0;0;0;0;0;0;0
4211;31/1/2020;PROD_2;N;7500.0;11/9/2019;15/9/2022;36;1100;254.45;MENS;V;14.9;CONSUMO;A1;6696.9;0.0;0.0;0.0;0;6696.9;0;8;3;0;0;0;0;0;0;0
4217;31/1/2020;PROD_2;N;10000.0;15/9/2019;28/9/2022;36;1109;339.27;MENS;V;14.9;CONSUMO;A1;8925.24;0.0;0.0;0.0;0;8925.24;0;0;0;0;0;0;0;0;0;0
4219;31/1/2020;PROD_2;N;15000.0;16/9/2019;28/9/2024;60;1839;344.38;MENS;V;14.9;CONSUMO;A1;13996.0;0.0;0.0;0.0;0;13996.0;0;0;0;0;0;0;0;0;0;0
4222;31/1/2020;PROD_2;N;4500.0;16/9/2019;16/9/2020;12;366;399.46;MENS;V;14.9;CONSUMO;A1;3095.38;0.0;0.0;0.0;0;3095.38;0;14;5;0;0;0;0;0;0;0
4223;31/1/2020;PROD_2;N;7000.0;16/9/2019;1/10/2022;37;1111;237.45;MENS;V;14.9;CONSUMO;B1;6233.31;166.21;0.0;0.0;0;6399.52;22;22;6;0;0;0;0;0;0;0
4225;31/1/2020;PROD_2;N;1000.0;17/9/2019;17/7/2020;10;304;105.22;MENS;V;14.9;CONSUMO;A1;626.35;0.0;0.0;0.0;0;626.35;0;13;5;0;0;0;0;0;0;0
4226;31/1/2020;PROD_2;N;6000.0;17/9/2019;2/10/2022;37;1111;204.65;MENS;V;14.9;CONSUMO;A1;5523.4;0.0;0.0;0.0;0;5523.4;0;3;1;0;0;0;0;0;0;0
4230;31/1/2020;PROD_2;N;10000.0;19/9/2019;28/3/2021;18;556;613.52;MENS;V;14.9;CONSUMO;A1;7861.56;0.0;0.0;0.0;0;7861.56;0;0;0;0;0;0;0;0;0;0
4239;31/1/2020;PROD_2;N;35000.0;21/9/2019;30/9/2025;72;2201;707.56;MENS;V;14.9;CONSUMO;A1;33046.38;0.0;0.0;0.0;0;33046.38;0;0;0;0;0;0;0;0;0;0
4252;31/1/2020;PROD_2;N;40000.0;26/9/2019;2/10/2024;61;1833;922.68;MENS;V;14.9;CONSUMO;A1;38020.78;0.0;0.0;0.0;0;38020.78;0;3;1;0;0;0;0;0;0;0
4255;31/1/2020;PROD_2;N;2000.0;29/9/2019;5/4/2021;19;554;123.43;MENS;V;14.9;CONSUMO;B2;1689.62;86.4;0.0;0.0;0;1776.02;42;42;10;0;1;0;0;0;0;0
4256;31/1/2020;PROD_2;N;15000.0;27/9/2019;5/10/2021;25;739;718.65;MENS;V;14.9;CONSUMO;A1;13235.01;0.0;0.0;0.0;0;13235.01;0;0;0;0;0;0;0;0;0;0
4259;31/1/2020;PROD_2;N;10000.0;27/9/2019;5/10/2022;37;1104;341.08;MENS;V;14.9;CONSUMO;A1;9205.68;0.0;0.0;0.0;0;9205.68;0;0;0;0;0;0;0;0;0;0
4262;31/1/2020;PROD_2;N;6000.0;28/9/2019;3/10/2022;37;1101;204.65;MENS;V;14.9;CONSUMO;A1;5523.4;0.0;0.0;0.0;0;5523.4;0;1;1;0;0;0;0;0;0;0
4264;31/1/2020;PROD_2;N;15000.0;28/9/2019;12/10/2023;49;1475;408.1;MENS;V;14.9;CONSUMO;A1;14089.33;0.0;0.0;0.0;0;14089.33;0;0;0;0;0;0;0;0;0;0
4271;31/1/2020;PROD_2;N;20000.0;9/10/2019;15/10/2025;72;2198;406.14;MENS;V;14.9;CONSUMO;A1;19151.84;0.0;0.0;0.0;0;19151.84;0;0;0;0;0;0;0;0;0;0
4278;31/1/2020;PROD_2;N;10000.0;14/10/2019;15/10/2022;36;1097;341.08;MENS;V;14.9;CONSUMO;A1;9205.68;0.0;0.0;0.0;0;9205.68;0;0;0;0;0;0;0;0;0;0
4282;31/1/2020;PROD_2;N;20000.0;16/10/2019;16/10/2024;60;1827;461.34;MENS;V;14.9;CONSUMO;A1;19010.4;0.0;0.0;0.0;0;19010.4;0;0;0;0;0;0;0;0;0;0
4285;31/1/2020;PROD_2;N;6500.0;17/10/2019;26/10/2021;24;740;311.41;MENS;V;14.9;CONSUMO;A1;5723.22;0.0;0.0;0.0;0;5723.22;0;0;0;0;0;0;0;0;0;0
4287;31/1/2020;PROD_2;N;10000.0;17/10/2019;17/10/2022;36;1096;341.08;MENS;V;14.9;CONSUMO;A1;9156.93;0.0;0.0;0.0;0;9156.93;0;0;0;0;0;0;0;0;0;0
4288;31/1/2020;PROD_2;N;10000.0;17/10/2019;1/11/2023;49;1476;273.42;MENS;V;14.9;CONSUMO;A1;9600.28;0.0;0.0;0.0;0;9600.28;0;0;0;0;0;0;0;0;0;0
4294;31/1/2020;PROD_2;N;2000.0;18/10/2019;18/4/2021;18;548;123.43;MENS;V;14.9;CONSUMO;A1;1691.38;0.0;0.0;0.0;0;1691.38;0;0;0;0;0;0;0;0;0;0
4295;31/1/2020;PROD_2;N;1000.0;18/10/2019;29/6/2020;8;255;130.71;MENS;V;14.9;CONSUMO;A1;657.55;0.0;0.0;0.0;0;657.55;0;0;0;0;0;0;0;0;0;0
4297;31/1/2020;PROD_2;N;8000.0;19/10/2019;4/11/2022;37;1112;274.31;MENS;V;14.9;CONSUMO;A1;7585.76;0.0;0.0;0.0;0;7585.76;0;0;0;0;0;0;0;0;0;0
4299;31/1/2020;PROD_2;N;6000.0;19/10/2019;19/10/2022;36;1096;204.65;MENS;V;14.9;CONSUMO;A1;5523.4;0.0;0.0;0.0;0;5523.4;0;0;0;0;0;0;0;0;0;0
4302;31/1/2020;PROD_2;N;5000.0;21/10/2019;28/10/2021;24;738;239.55;MENS;V;14.9;CONSUMO;A1;4415.65;0.0;0.0;0.0;0;4415.65;0;0;0;0;0;0;0;0;0;0
4303;31/1/2020;PROD_2;N;15000.0;22/10/2019;28/10/2021;24;737;718.65;MENS;V;14.9;CONSUMO;A1;13246.94;0.0;0.0;0.0;0;13246.94;0;0;0;0;0;0;0;0;0;0
4306;31/1/2020;PROD_2;N;1000.0;22/10/2019;5/3/2020;5;135;256.55;MENS;V;14.9;CONSUMO;A1;570.41;0.0;0.0;0.0;0;570.41;0;0;0;0;0;0;0;0;0;0
4311;31/1/2020;PROD_2;N;8000.0;23/10/2019;5/5/2022;31;925;318.77;MENS;V;14.9;CONSUMO;A1;7510.19;0.0;0.0;0.0;0;7510.19;0;0;0;0;0;0;0;0;0;0
4318;31/1/2020;PROD_2;N;20000.0;25/10/2019;26/11/2024;61;1859;463.51;MENS;V;14.9;CONSUMO;A1;19342.21;0.0;0.0;0.0;0;19342.21;0;0;0;0;0;0;0;0;0;0
4320;31/1/2020;PROD_2;N;13000.0;25/10/2019;25/10/2024;60;1827;299.87;MENS;V;14.9;CONSUMO;B2;12351.34;209.91;0.0;0.0;0;12561.25;35;35;12;0;1;0;0;0;0;0
4329;31/1/2020;PROD_2;N;15000.0;29/10/2019;10/11/2024;61;1839;347.63;MENS;V;14.9;CONSUMO;A1;14463.19;0.0;0.0;0.0;0;14463.19;0;0;0;0;0;0;0;0;0;0
4331;31/1/2020;PROD_2;N;30000.0;30/10/2019;5/5/2024;55;1649;747.07;MENS;V;14.9;CONSUMO;A1;28101.28;0.0;0.0;0.0;0;28101.28;0;0;0;0;0;0;0;0;0;0
4335;31/1/2020;PROD_2;N;4000.0;30/10/2019;14/11/2021;25;746;192.72;MENS;V;14.9;CONSUMO;B2;3698.43;134.9;0.0;0.0;0;3833.33;40;40;13;0;1;0;0;0;0;0
4337;31/1/2020;PROD_2;N;76000.0;31/10/2019;10/11/2025;73;2202;1535.97;MENS;V;14.9;CONSUMO;A1;71275.32;0.0;0.0;0.0;0;71275.32;0;0;0;0;0;0;0;0;0;0
4343;31/1/2020;PROD_2;N;2970.0;31/10/2019;3/7/2020;9;246;390.61;MENS;V;14.9;CONSUMO;A1;2325.32;0.0;0.0;0.0;0;2325.32;0;2;1;0;0;0;0;0;0;0
4347;31/1/2020;PROD_2;N;9000.0;7/11/2019;7/11/2023;48;1461;244.21;MENS;V;14.9;CONSUMO;A1;8641.55;0.0;0.0;0.0;0;8641.55;0;0;0;0;0;0;0;0;0;0
4348;31/1/2020;PROD_2;N;2000.0;12/11/2019;27/5/2021;18;562;124.15;MENS;V;14.9;CONSUMO;A1;1801.99;0.0;0.0;0.0;0;1801.99;0;0;0;0;0;0;0;0;0;0
4349;31/1/2020;PROD_2;N;15000.0;13/11/2019;15/11/2023;48;1463;410.13;MENS;V;14.9;CONSUMO;A1;14400.41;0.0;0.0;0.0;0;14400.41;0;0;0;0;0;0;0;0;0;0
4350;31/1/2020;PROD_2;N;10000.0;14/11/2019;20/11/2022;36;1102;342.89;MENS;V;14.9;CONSUMO;A1;9482.2;0.0;0.0;0.0;0;9482.2;0;0;0;0;0;0;0;0;0;0
4351;31/1/2020;PROD_2;N;15000.0;14/11/2019;26/11/2023;48;1473;410.13;MENS;V;14.9;CONSUMO;A1;14400.41;0.0;0.0;0.0;0;14400.41;0;0;0;0;0;0;0;0;0;0
4352;31/1/2020;PROD_2;N;20000.0;15/11/2019;16/11/2025;72;2193;407.95;MENS;V;14.9;CONSUMO;A3;19436.66;285.56;0.0;0.0;0;19722.22;12;12;6;0;0;0;0;0;0;0
4353;31/1/2020;PROD_2;N;1000.0;15/11/2019;10/6/2020;7;208;1086.51;VCTO;V;14.9;CONSUMO;A1;239.44;0.0;0.0;0.0;0;239.44;0;0;0;0;0;0;0;0;0;0
4360;31/1/2020;PROD_2;N;15000.0;20/11/2019;26/11/2024;60;1833;347.63;MENS;V;14.9;CONSUMO;A1;14506.66;0.0;0.0;0.0;0;14506.66;0;0;0;0;0;0;0;0;0;0
4361;31/1/2020;PROD_2;N;10000.0;20/11/2019;30/11/2021;24;741;486.15;MENS;V;14.9;CONSUMO;A1;9300.43;0.0;0.0;0.0;0;9300.43;0;1;0;0;0;0;0;0;0;0
4363;31/1/2020;PROD_2;N;7000.0;20/11/2019;30/11/2021;24;741;337.25;MENS;V;14.9;CONSUMO;A1;6452.45;0.0;0.0;0.0;0;6452.45;0;0;0;0;0;0;0;0;0;0
4364;31/1/2020;PROD_2;N;2300.0;21/11/2019;5/12/2021;25;745;112.0;MENS;V;14.9;CONSUMO;A1;2221.6;0.0;0.0;0.0;0;2221.6;0;0;0;0;0;0;0;0;0;0
4365;31/1/2020;PROD_2;N;3000.0;22/11/2019;30/5/2021;18;555;186.21;MENS;V;14.9;CONSUMO;A1;2702.98;0.0;0.0;0.0;0;2702.98;0;0;0;0;0;0;0;0;0;0
4367;31/1/2020;PROD_2;N;5000.0;22/11/2019;26/5/2022;30;916;199.23;MENS;V;14.9;CONSUMO;A1;4688.84;0.0;0.0;0.0;0;4688.84;0;0;0;0;0;0;0;0;0;0
4371;31/1/2020;PROD_2;N;22000.0;26/11/2019;30/11/2025;72;2196;448.73;MENS;V;14.9;CONSUMO;A1;21380.33;0.0;0.0;0.0;0;21380.33;0;0;0;0;0;0;0;0;0;0
4372;31/1/2020;PROD_2;N;8000.0;26/11/2019;10/12/2022;37;1110;277.04;MENS;V;14.9;CONSUMO;A1;7806.07;0.0;0.0;0.0;0;7806.07;0;0;0;0;0;0;0;0;0;0
4375;31/1/2020;PROD_2;N;10000.0;26/11/2019;7/12/2022;37;1107;345.96;MENS;V;14.9;CONSUMO;A1;9757.83;0.0;0.0;0.0;0;9757.83;0;0;0;0;0;0;0;0;0;0
4380;31/1/2020;PROD_2;N;8000.0;30/11/2019;14/12/2022;37;1110;277.04;MENS;V;14.9;CONSUMO;A1;7806.07;0.0;0.0;0.0;0;7806.07;0;0;0;0;0;0;0;0;0;0
4381;31/1/2020;PROD_2;N;5000.0;4/12/2019;15/12/2021;24;742;243.21;MENS;V;14.9;CONSUMO;A1;4829.75;0.0;0.0;0.0;0;4829.75;0;0;0;0;0;0;0;0;0;0
4382;31/1/2020;PROD_2;N;15000.0;5/12/2019;5/1/2025;61;1858;352.41;MENS;V;14.9;CONSUMO;A1;14753.31;0.0;0.0;0.0;0;14753.31;0;0;0;0;0;0;0;0;0;0
4383;31/1/2020;PROD_2;N;25000.0;6/12/2019;10/12/2025;72;2196;512.77;MENS;V;14.9;CONSUMO;A1;24641.06;0.0;0.0;0.0;0;24641.06;0;0;0;0;0;0;0;0;0;0
4384;31/1/2020;PROD_2;N;1000.0;11/12/2019;11/6/2020;6;183;174.28;MENS;V;14.9;CONSUMO;A1;878.0;0.0;0.0;0.0;0;878.0;0;0;0;0;0;0;0;0;0;0
4385;31/1/2020;PROD_2;N;10000.0;11/12/2019;15/12/2022;36;1100;345.15;MENS;V;14.9;CONSUMO;A1;9758.4;0.0;0.0;0.0;0;9758.4;0;0;0;0;0;0;0;0;0;0
4386;31/1/2020;PROD_2;N;1500.0;12/12/2019;12/3/2021;15;456;110.43;MENS;V;14.9;CONSUMO;A1;1422.7;0.0;0.0;0.0;0;1422.7;0;0;0;0;0;0;0;0;0;0
4387;31/1/2020;PROD_2;N;30000.0;13/12/2019;13/12/2025;72;2192;614.64;MENS;V;14.9;CONSUMO;A1;29569.75;0.0;0.0;0.0;0;29569.75;0;0;0;0;0;0;0;0;0;0
4388;31/1/2020;PROD_2;N;3000.0;13/12/2019;15/12/2021;24;733;145.46;MENS;V;14.9;CONSUMO;A1;2898.18;0.0;0.0;0.0;0;2898.18;0;0;0;0;0;0;0;0;0;0
4389;31/1/2020;PROD_2;N;10000.0;14/12/2019;15/12/2022;36;1097;344.81;MENS;V;14.9;CONSUMO;A1;9758.63;0.0;0.0;0.0;0;9758.63;0;0;0;0;0;0;0;0;0;0
4390;31/1/2020;PROD_2;N;10000.0;14/12/2019;27/6/2023;42;1291;306.02;MENS;V;14.9;CONSUMO;A1;9785.79;0.0;0.0;0.0;0;9785.79;0;0;0;0;0;0;0;0;0;0
4391;31/1/2020;PROD_2;N;8000.0;18/12/2019;28/6/2023;42;1288;244.58;MENS;V;14.9;CONSUMO;A1;7828.79;0.0;0.0;0.0;0;7828.79;0;0;0;0;0;0;0;0;0;0
4392;31/1/2020;PROD_2;N;6000.0;18/12/2019;26/12/2022;36;1104;207.37;MENS;V;14.9;CONSUMO;A1;5854.84;0.0;0.0;0.0;0;5854.84;0;0;0;0;0;0;0;0;0;0
4393;31/1/2020;PROD_2;N;8000.0;19/12/2019;26/12/2022;36;1103;276.4;MENS;V;14.9;CONSUMO;A1;7806.52;0.0;0.0;0.0;0;7806.52;0;0;0;0;0;0;0;0;0;0
4394;31/1/2020;PROD_2;N;1000.0;19/12/2019;28/12/2020;12;375;90.71;MENS;V;14.9;CONSUMO;A1;936.5;0.0;0.0;0.0;0;936.5;0;0;0;0;0;0;0;0;0;0
4395;31/1/2020;PROD_2;N;10000.0;24/12/2019;26/6/2023;42;1280;304.94;MENS;V;14.9;CONSUMO;A1;9786.54;0.0;0.0;0.0;0;9786.54;0;0;0;0;0;0;0;0;0;0
4396;31/1/2020;PROD_2;N;10000.0;27/12/2019;30/7/2022;31;946;390.17;MENS;V;14.9;CONSUMO;A1;9726.88;0.0;0.0;0.0;0;9726.88;0;0;0;0;0;0;0;0;0;0
4397;31/1/2020;PROD_2;N;3000.0;27/12/2019;19/2/2020;2;54;3068.3;VCTO;V;14.9;CONSUMO;A1;852.19;0.0;0.0;0.0;0;852.19;0;0;0;0;0;0;0;0;0;0
4398;31/1/2020;PROD_2;N;20000.0;30/12/2019;10/1/2025;61;1838;467.12;MENS;V;14.9;CONSUMO;A1;19673.02;0.0;0.0;0.0;0;19673.02;0;0;0;0;0;0;0;0;0;0
4399;31/1/2020;PROD_2;N;500.0;30/12/2019;30/10/2020;10;305;53.47;MENS;V;14.9;CONSUMO;A1;462.57;0.0;0.0;0.0;0;462.57;0;0;0;0;0;0;0;0;0;0
4403;31/1/2020;PROD_1;N;70000.0;20/2/2017;5/3/2022;61;1839;1592.18;MENS;V;14.9;CONSUMO;E;0.0;31500.09;32666.56;64166.65;0;128333.3;878;878;399;0;0;0;0;0;0;366
4404;31/1/2020;PROD_1;N;40000.0;27/2/2017;15/3/2022;61;1842;797.56;MENS;V;14.9;CONSUMO;B1;0.0;11.42;18666.56;0.0;0;18677.98;16;46;11;0;1;0;0;0;0;0
4405;31/1/2020;PROD_1;N;12000.0;15/3/2017;15/3/2020;36;1096;342.11;MENS;V;14.9;CONSUMO;A1;760.63;0.0;0.0;0.0;0;760.63;0;134;33;0;0;0;0;0;0;0
4406;31/1/2020;PROD_1;N;70000.0;16/3/2017;26/3/2022;60;1836;1410.73;MENS;V;14.9;CONSUMO;C1;0.0;1462.48;33833.23;35295.71;0;70591.42;66;96;19;0;9;1;1;0;0;0
4409;31/1/2020;PROD_1;N;13000.0;7/4/2017;10/4/2021;48;1464;304.84;MENS;V;16.0;CONSUMO;C1;4390.88;213.39;0.0;0.0;0;4604.27;52;52;10;0;1;0;0;0;0;0
4413;31/1/2020;PROD_1;N;24000.0;28/4/2017;10/5/2021;49;1473;595.04;MENS;V;14.9;CONSUMO;E;0.0;4929.37;9000.0;13929.37;0;27858.74;355;355;106;0;1;1;1;1;0;0
4418;31/1/2020;PROD_1;N;24000.0;31/5/2017;5/6/2022;61;1831;522.59;MENS;V;14.9;CONSUMO;E;0.0;5607.55;12400.0;18007.55;0;36015.1;452;482;174;0;0;0;0;1;1;122
4424;31/1/2020;PROD_1;N;10000.0;23/6/2017;26/6/2021;48;1464;235.98;MENS;V;16.0;CONSUMO;A1;3584.91;0.0;0.0;0.0;0;3584.91;0;37;12;0;1;0;0;0;0;0
4425;31/1/2020;PROD_1;N;34500.0;28/6/2017;7/7/2021;49;1470;812.41;MENS;V;14.9;CONSUMO;A1;13087.56;0.0;0.0;0.0;0;13087.56;0;48;12;0;1;0;0;0;0;0
4426;31/1/2020;PROD_1;N;11300.0;29/6/2017;14/1/2021;43;1295;295.37;MENS;V;16.0;CONSUMO;A1;3290.79;0.0;0.0;0.0;0;3290.79;0;73;17;0;4;1;0;0;0;0
4427;31/1/2020;PROD_1;N;15500.0;29/6/2017;3/7/2020;37;1100;454.6;MENS;V;16.0;CONSUMO;A1;2695.54;0.0;0.0;0.0;0;2695.54;0;77;25;0;1;0;0;0;0;0
4432;31/1/2020;PROD_1;N;33500.0;26/7/2017;26/7/2022;60;1826;685.94;MENS;V;14.9;CONSUMO;D;0.0;13.4;18425.09;0.0;0;18438.49;97;125;27;0;5;2;2;0;0;0
4435;31/1/2020;PROD_1;N;13800.0;2/8/2017;15/2/2021;42;1293;402.28;MENS;V;16.0;CONSUMO;E;0.0;4968.38;4928.61;9896.99;0;19793.98;534;534;233;0;0;0;0;1;1;143
4436;31/1/2020;PROD_1;N;25000.0;2/8/2017;10/8/2022;60;1834;508.82;MENS;V;14.9;CONSUMO;A1;13393.74;0.0;0.0;0.0;0;13393.74;0;168;39;0;2;1;1;0;0;0
4438;31/1/2020;PROD_1;N;58000.0;14/8/2017;15/8/2022;60;1827;1187.59;MENS;V;14.9;CONSUMO;C2;0.0;405.52;31899.91;0.0;0;32305.43;77;77;15;0;3;1;0;0;0;0
4440;31/1/2020;PROD_1;N;16000.0;15/8/2017;15/8/2021;48;1461;382.2;MENS;V;16.0;CONSUMO;A1;6399.22;0.0;0.0;0.0;0;6399.22;0;8;2;0;0;0;0;0;0;0
4441;31/1/2020;PROD_1;N;14000.0;15/8/2017;15/8/2022;60;1826;287.06;MENS;V;16.0;CONSUMO;A1;7265.82;0.0;0.0;0.0;0;7265.82;0;12;3;0;0;0;0;0;0;0
4448;31/1/2020;PROD_1;N;23000.0;8/9/2017;15/9/2021;48;1468;547.84;MENS;V;14.9;CONSUMO;A1;9678.92;0.0;0.0;0.0;0;9678.92;0;6;2;0;0;0;0;0;0;0
4455;31/1/2020;PROD_1;N;23000.0;14/10/2017;26/10/2022;60;1838;473.14;MENS;V;14.9;CONSUMO;A1;13085.55;0.0;0.0;0.0;0;13085.55;0;34;12;0;3;0;0;0;0;0
4460;31/1/2020;PROD_1;N;30000.0;25/10/2017;28/10/2022;60;1829;617.13;MENS;V;14.9;CONSUMO;A1;17068.01;0.0;0.0;0.0;0;17068.01;0;9;3;0;0;0;0;0;0;0
4462;31/1/2020;PROD_1;N;10000.0;1/11/2017;16/11/2021;48;1476;243.24;MENS;V;16.0;CONSUMO;A1;4621.48;0.0;0.0;0.0;0;4621.48;0;66;17;0;2;1;0;0;0;0
4463;31/1/2020;PROD_1;N;30000.0;7/11/2017;7/11/2022;60;1826;617.2;MENS;V;14.9;CONSUMO;A1;17067.96;0.0;0.0;0.0;0;17067.96;0;51;11;0;1;0;0;0;0;0
4484;31/1/2020;PROD_1;N;17000.0;30/1/2018;4/2/2021;37;1101;531.54;MENS;V;16.0;CONSUMO;D;0.0;944.44;7083.38;0.0;0;8027.82;119;119;23;0;1;1;1;0;0;0
4486;31/1/2020;PROD_1;N;23000.0;9/2/2018;15/2/2023;60;1832;487.63;MENS;V;16.0;CONSUMO;A1;14225.4;0.0;0.0;0.0;0;14225.4;0;14;5;0;0;0;0;0;0;0
4487;31/1/2020;PROD_1;N;20000.0;22/2/2018;28/2/2021;36;1102;617.63;MENS;V;16.0;CONSUMO;B2;7900.9;432.34;0.0;0.0;0;8333.24;34;52;13;0;3;0;0;0;0;0
4489;31/1/2020;PROD_1;N;45000.0;2/3/2018;5/3/2022;48;1464;1141.45;MENS;V;16.0;CONSUMO;D;0.0;1725.86;26250.0;27975.86;0;55951.72;118;205;55;0;2;1;2;1;0;0
4493;31/1/2020;PROD_1;N;11000.0;13/3/2018;27/3/2020;24;745;474.54;MENS;V;16.0;CONSUMO;A1;1440.1;0.0;0.0;0.0;0;1440.1;0;40;10;0;0;0;0;0;0;0
4496;31/1/2020;PROD_1;N;45000.0;28/3/2018;30/3/2023;60;1828;964.33;MENS;V;16.0;CONSUMO;A1;29324.97;0.0;0.0;0.0;0;29324.97;0;31;10;0;0;0;0;0;0;0
4503;31/1/2020;PROD_1;N;17000.0;10/5/2018;20/5/2022;48;1471;428.3;MENS;V;16.0;CONSUMO;A1;9970.96;0.0;0.0;0.0;0;9970.96;0;39;10;0;2;0;0;0;0;0
4504;31/1/2020;PROD_1;N;30000.0;18/5/2018;27/5/2021;36;1105;938.09;MENS;V;16.0;CONSUMO;A1;13510.07;0.0;0.0;0.0;0;13510.07;0;33;13;0;5;0;0;0;0;0
4505;31/1/2020;PROD_1;N;26000.0;24/5/2018;28/5/2022;48;1465;662.91;MENS;V;16.0;CONSUMO;C1;15962.2;464.04;0.0;0.0;0;16426.24;64;64;16;0;5;1;0;0;0;0
4508;31/1/2020;PROD_1;N;28000.0;12/6/2018;27/6/2023;60;1841;609.82;MENS;V;16.0;CONSUMO;B2;19639.74;426.87;0.0;0.0;0;20066.61;35;75;22;0;4;1;0;0;0;0
4509;31/1/2020;PROD_1;N;100000.0;14/6/2018;15/6/2023;60;1827;2166.53;MENS;V;16.0;CONSUMO;A1;68483.37;0.0;0.0;0.0;0;68483.37;0;15;5;0;0;0;0;0;0;0
4512;31/1/2020;PROD_1;N;50000.0;24/7/2018;8/8/2022;49;1476;1281.48;MENS;V;16.0;CONSUMO;A1;32157.73;0.0;0.0;0.0;0;32157.73;0;112;26;0;2;1;1;0;0;0
4513;31/1/2020;PROD_1;N;35000.0;24/7/2018;7/8/2021;37;1110;1114.74;MENS;V;16.0;CONSUMO;A1;18664.16;0.0;0.0;0.0;0;18664.16;0;49;15;0;3;0;0;0;0;0
4516;31/1/2020;PROD_1;N;52000.0;30/10/2018;30/10/2022;48;1461;1347.78;MENS;V;16.0;CONSUMO;A1;35889.93;0.0;0.0;0.0;0;35889.93;0;0;0;0;0;0;0;0;0;0
4520;31/1/2020;PROD_1;N;35000.0;15/1/2019;28/1/2023;48;1474;927.44;MENS;V;16.0;CONSUMO;B2;27059.09;649.21;0.0;0.0;0;27708.3;34;34;11;0;1;0;0;0;0;0
4526;31/1/2020;PROD_2;N;20000.0;9/1/2020;9/1/2024;48;1461;555.6;MENS;V;14.9;CONSUMO;A1;20000.0;0.0;0.0;0.0;0;20000.0;0;0;0;0;0;0;0;0;0;0
4527;31/1/2020;PROD_2;N;6000.0;21/1/2020;21/1/2022;24;731;290.63;MENS;V;14.9;CONSUMO;A1;6000.0;0.0;0.0;0.0;0;6000.0;0;0;0;0;0;0;0;0;0;0
4528;31/1/2020;PROD_2;N;7000.0;20/1/2020;20/2/2023;37;1127;237.12;MENS;V;14.9;CONSUMO;A1;7000.0;0.0;0.0;0.0;0;7000.0;0;0;0;0;0;0;0;0;0;0
4529;31/1/2020;PROD_1;N;5000.0;16/1/2020;16/2/2023;37;1127;169.37;MENS;V;14.9;CONSUMO;A1;5000.0;0.0;0.0;0.0;0;5000.0;0;0;0;0;0;0;0;0;0;0
4530;31/1/2020;PROD_2;N;1000.0;5/1/2020;5/11/2020;10;305;106.96;TRIM;V;14.9;CONSUMO;A1;1000.0;0.0;0.0;0.0;0;1000.0;0;0;0;0;0;0;0;0;0;0
