NUM_OPER,MONTOCREDITO_log_est,MONTOCUOTA_log_est,SALDOCAPITAL_POR_VENCER_log_est,NUMERORENEGOCIACION_log_est,PLAZO_est,TASAINTERES_est,DIAS_MADURACION_est,DIAS_RESTANTES_est,PRODUCTO_COD_PROD_2_e,TIPOTASACOD_V_e,PERIOD_PAGO_OTROS_e
46,0.018604048,-0.009476976,1.4860111,0.0,-0.04344795,0.010093245,0.06113982,0.11754788,-0.0040739905,0.0,0.0
51,0.030757,-0.013177226,1.368947,0.0,-0.0047331266,0.019882731,0.073767826,0.16468272,-0.003729822,0.0,0.0
54,-0.032897033,-0.018483792,-1.3960755,0.0,-0.18471208,-0.037053533,0.07952044,-0.0056455056,-0.008304344,0.0,0.0
136,0.035328224,-0.0093175685,1.3399252,0.0,0.017199492,0.01990603,0.07784801,0.15923756,-0.003729822,0.0,0.0
178,-0.012238022,0.010705868,-1.4065692,0.0,-0.23683567,-0.01978841,0.07167289,-0.0019310145,-0.008667642,0.0,0.0
189,-0.041441955,-0.029378138,-1.403669,0.0,-0.15624814,-0.025534859,0.08045618,-0.019468993,-0.008366287,0.0,0.0
223,0.031498134,0.0022904384,1.3583244,0.0,-0.016857501,0.024762865,0.07429303,0.16565534,-0.003569536,0.0,0.0
227,-0.04365493,-0.024819773,-1.3694597,0.0,-0.18536037,-0.013606861,0.088523254,-0.020233614,-0.008469076,0.0,0.0
231,-0.043722205,-0.024819773,-1.3694357,0.0,-0.18518272,-0.013606861,0.088455975,-0.020233614,-0.00853635,0.0,0.0
261,-0.0029080226,-0.029980998,-1.3436604,0.0,0.019856876,-0.115155816,0.10028166,0.23273754,-0.010684749,0.0,0.0
269,-0.124233626,-0.0221752,-1.3080963,0.0,-0.027485333,-0.023353163,0.10881504,0.092107415,-0.0092102345,0.0,0.0
282,0.15138064,-0.029587872,-1.2581242,0.0,0.053439878,0.04589195,0.1703972,0.12088171,-0.0092102345,0.0,0.0
283,-0.055820763,-0.054216314,-1.3429058,0.0,0.1737191,-0.16154793,0.20000416,0.018110713,-0.036937065,0.0,0.0
317,0.08026853,-0.027168501,-1.1978039,0.0,0.42629457,-0.045635752,0.35147917,0.0465359,-0.008028743,0.0,0.0
334,-0.038166337,-0.037214812,-1.3116785,0.0,0.26976293,-0.17015293,0.25962245,0.014673404,-0.007980352,0.0,0.0
363,-0.03399669,-0.010667506,1.5214345,0.0,-0.011546521,-0.0009056487,0.07852766,0.097815335,-0.004263912,0.0,0.0
368,-0.05830546,-0.04317096,-1.4051285,0.0,-0.14960204,-0.031527556,0.10760055,-0.013750054,-0.010364816,0.0,0.0
378,-0.05830546,-0.04317096,-1.4051285,0.0,-0.14960204,-0.031527556,0.10760055,-0.013750054,-0.010364816,0.0,0.0
414,0.29534706,-0.014202704,-1.3218111,0.0,0.06481838,-0.008798517,0.18255936,-0.025254838,-0.009476373,0.0,0.0
423,-0.030231956,-0.0031009493,1.5130446,0.0,-0.009574115,-0.004626282,0.078554295,0.0965956,-0.004263912,0.0,0.0
462,-0.032451577,-0.010667506,1.5202354,0.0,-0.0104991365,-0.0021048486,0.07732846,0.09882043,-0.004263912,0.0,0.0
526,0.0034753652,-0.2526266,-1.212898,0.0,0.3577454,0.082236275,0.2769953,0.0096597755,-0.007303501,0.0,0.0
531,-0.03658922,-0.016866393,-1.3831744,0.0,-0.05145688,-0.011892706,0.13063219,-0.0067979903,-0.009599303,0.0,0.0
533,-0.03500887,-0.01419061,-1.3908857,0.0,-0.17948781,-0.050811686,0.09192881,-0.012907652,-0.009077507,0.0,0.0
538,0.015562775,-0.0017494875,1.5779699,0.0,-0.00033421937,-0.010611595,0.060574107,-0.0007591109,-0.0042552757,0.0,0.0
543,-0.019669877,-0.015295285,-1.4157237,0.0,-0.16939873,-0.03177338,0.07996083,-0.018916264,-0.009624682,0.0,0.0
612,-0.054025777,-0.01914654,-1.3933098,0.0,-0.06800053,-0.0061255107,0.08658616,-0.03974764,-0.009599303,0.0,0.0
613,0.009007809,9.938808e-05,-1.3791906,0.0,-0.05537317,-0.038215484,0.1456927,0.0047714966,-0.009595799,0.0,0.0
636,-0.02923141,0.13077784,-1.1091193,0.0,0.59491163,0.2553577,0.33161104,0.056445055,-0.007282429,0.0,0.0
662,-0.019669877,-0.015295285,-1.4157237,0.0,-0.16939873,-0.03177338,0.07996083,-0.018916264,-0.009624682,0.0,0.0
675,-0.02923141,0.059767667,-1.1361307,0.0,0.5427553,0.22847478,0.3016647,0.008791751,-0.007282429,0.0,0.0
705,-0.012425031,-0.008340575,1.6298206,0.0,-0.011009658,-0.00040812604,0.04588086,-0.0027302078,-0.004390823,0.0,0.0
715,-0.03487736,-0.012931123,1.4713947,0.0,0.16442984,-0.033509333,0.08152336,0.010010677,-0.009643607,0.0,0.0
730,0.011807483,0.0008909776,1.6420836,0.0,-0.055040557,-0.012165625,0.052270513,0.00074179604,-0.0041910796,0.0,0.0
735,-0.0446779,-0.028444692,-1.373185,0.0,-0.18117118,-0.0029115074,0.0778521,-0.012899264,-0.008433562,0.0,0.0
739,-0.004915278,0.0042017577,1.658926,0.0,-0.06603566,0.0027603335,0.04712307,-0.0015728455,-0.004090452,0.0,0.0
744,-0.0055091516,0.032985136,1.2436591,0.0,0.19521749,0.05607925,0.10696702,0.0108758,-0.003877383,0.0,0.0
761,-0.10027088,-0.062344108,-1.3525295,0.0,-0.041154213,-0.045124944,0.033956002,0.0024650157,-0.010950707,0.0,0.0
764,0.07672349,-0.0052778963,1.5081468,0.0,-0.016399046,-0.0034285837,0.07224399,0.008836018,-0.0044474937,0.0,0.0
774,-0.03231164,-0.010667506,1.5226147,0.0,-0.00984798,-8.755611e-05,0.072140776,0.09882043,-0.004263912,0.0,0.0
777,-0.029673198,-0.05164762,-1.3539037,0.0,0.10665671,-0.0988205,0.15601672,0.04199685,-0.03707639,0.0,0.0
792,-0.033856753,-0.010667506,1.5238137,0.0,-0.010895365,0.0011116437,0.07333998,0.097815335,-0.004263912,0.0,0.0
800,-0.019361662,-0.015295285,-1.4142355,0.0,-0.16730237,-0.029587805,0.07388227,-0.018916264,-0.009624682,0.0,0.0
834,-0.036281,-0.01914654,-1.3792698,0.0,-0.050031938,-0.0076569207,0.122776404,-0.0065505975,-0.009584387,0.0,0.0
846,0.009245922,9.938808e-05,-1.3772116,0.0,-0.052655425,-0.03626426,0.13895932,0.0050392332,-0.010016256,0.0,0.0
849,-0.0007887875,-0.10103957,-1.3344176,0.0,-0.07658759,-0.11243554,0.104411796,0.0015632935,-0.039065428,0.0,0.0
860,0.01053833,-0.030459117,-1.4226974,0.0,-0.18723056,-0.04249373,0.0828999,-0.001841243,-0.009636095,0.0,0.0
876,-0.03470065,-0.01419061,-1.3893974,0.0,-0.17739144,-0.048626117,0.085850246,-0.012907652,-0.009077507,0.0,0.0
883,-0.027634943,-0.01659098,-1.3547742,0.0,0.039401356,0.0066313827,0.09643933,-0.03843149,-0.009584387,0.0,0.0
887,-0.03470065,-0.01419061,-1.3893974,0.0,-0.17739144,-0.048626117,0.085850246,-0.012907652,-0.009077507,0.0,0.0
927,0.14544149,-0.012507275,-1.3808135,0.0,-0.27051505,-0.029587805,0.12821542,-0.009317209,-0.007591137,0.0,0.0
941,-0.043154642,0.068820566,-1.2964687,0.0,-0.025195021,0.056293476,0.1261587,0.009818433,-0.03824795,0.0,0.0
956,-0.10840746,-0.031214135,-1.2135086,0.0,0.09856652,-0.08055891,0.17672166,0.0672882,-0.055633735,0.0,0.0
957,-0.037096705,-0.019153945,-1.3656973,0.0,-0.21647196,-0.002193215,0.08858136,-0.013513804,-0.008325541,0.0,0.0
958,-0.036351107,-0.01914654,-1.3792145,0.0,-0.0491762,-0.0076569207,0.122355945,-0.0065505975,-0.010004843,0.0,0.0
961,-0.02687353,-0.021952339,-1.3571482,0.0,0.036313344,0.020097405,0.09269119,-0.038087506,-0.009584387,0.0,0.0
964,-0.03623973,-0.02052407,-1.3799736,0.0,-0.049148303,-0.0065368237,0.12198594,-0.0061419527,-0.009166317,0.0,0.0
968,-0.025363866,0.104299635,-1.0794228,0.0,0.6130639,0.29235163,0.30185103,0.056648552,-0.007197249,0.0,0.0
972,-0.02687353,-0.021952339,-1.3571482,0.0,0.036313344,0.020097405,0.09269119,-0.038087506,-0.009584387,0.0,0.0
973,-0.037096705,-0.019153945,-1.3656973,0.0,-0.21647196,-0.002193215,0.08858136,-0.013513804,-0.008325541,0.0,0.0
1007,-0.053987145,-0.022269871,-1.3935525,0.0,-0.0696394,0.007400823,0.09179123,-0.053487435,-0.009624682,0.0,0.0
1012,-0.06774998,-0.050942738,-1.3840742,0.0,-0.13615829,-0.035397828,0.09172853,-0.010924832,-0.010729523,0.0,0.0
1018,-0.009072443,-0.008331847,1.6222053,0.0,-0.019498494,0.0019990602,0.057899922,-0.004396972,-0.0044072843,0.0,0.0
1026,-0.0064106383,-0.005199901,1.6670835,0.0,-0.053873528,-0.005538135,0.04613018,-0.0013870692,-0.0044072843,0.0,0.0
1053,0.008878756,-0.0022752744,1.5972242,0.0,-0.02021713,-0.00452895,0.06402656,-0.0024392218,-0.004271737,0.0,0.0
1085,0.04509591,0.002671989,-1.3670132,0.0,-0.01713511,-0.034426205,0.12793653,-0.042027004,-0.009621179,0.0,0.0
1087,0.034600824,-0.029457629,-1.379647,0.0,-0.023298472,-0.029660337,0.121457964,-0.04242258,-0.009511344,0.0,0.0
1092,0.10499219,-0.004734655,1.456286,0.0,0.016162455,-0.00040777866,0.076105826,-0.0077351048,-0.004271737,0.0,0.0
1111,0.004124912,0.03905931,-1.0030307,0.0,-0.1359813,0.032285627,0.0887252,-0.0091895405,-0.004503441,0.0,0.0
1115,-0.0010461211,-0.031006824,-1.368444,0.0,-0.052534148,-0.02988007,0.101855114,0.004545446,-0.00971312,0.0,0.0
1127,-0.037902303,-0.019153945,-1.3661557,0.0,-0.21659784,-0.0025817256,0.086914375,-0.010068092,-0.008325541,0.0,0.0
1137,-0.034882884,-0.01419061,-1.3896328,0.0,-0.17710868,-0.049014643,0.08445854,-0.010741403,-0.009328659,0.0,0.0
1138,-0.049823876,-0.01722746,-1.3423734,0.0,0.015471684,0.03384377,0.112043016,-0.048085142,-0.008392816,0.0,0.0
1141,0.004691684,-0.018692886,-1.295517,0.0,-0.01391867,0.024145959,0.20353262,-0.017865606,-0.008392816,0.0,0.0
1156,-0.0018529873,-0.030989781,-1.3935382,0.0,-0.06502253,-0.020710379,0.1448141,-0.009412386,-0.009511344,0.0,0.0
1160,-0.009185092,-0.008331847,1.6223663,0.0,-0.018909192,0.0018810692,0.057219245,-0.00404375,-0.0045995014,0.0,0.0
1169,0.021018632,-0.029457629,-1.3605603,0.0,0.037579384,-0.0051139994,0.122884035,-0.041326795,-0.009511344,0.0,0.0
1184,-0.034979828,-0.01419061,-1.3668326,0.0,-0.18362448,-0.039454278,0.08470969,-0.010421405,-0.009077507,0.0,0.0
1194,-0.03484161,-0.027614139,-1.39676,0.0,-0.18007252,-0.017969755,0.07620987,-0.010482466,-0.008910589,0.0,0.0
1197,-0.00089208595,-0.031006824,-1.3906652,0.0,-0.05770244,-0.0327274,0.13216944,0.0046994803,-0.010098685,0.0,0.0
1202,-0.042666957,0.11387099,-1.1641186,0.0,0.36245486,0.23881213,0.22003166,0.017544692,-0.036227953,0.0,0.0
1205,-0.0024065848,-0.042605195,1.5377605,0.0,0.07082561,0.016413322,0.060634527,0.004643508,-0.008868448,0.0,0.0
1220,-0.043733925,0.06966918,-1.2974843,0.0,-0.030097682,0.05131102,0.12923063,0.017032517,-0.037902668,0.0,0.0
1221,-0.009744085,-0.21730664,-1.2678139,0.0,0.18018617,0.07634408,0.14400384,0.007928847,-0.03638722,0.0,0.0
1223,0.008642095,0.00011643222,-1.3795631,0.0,-0.05988257,-0.024134643,0.15065627,-0.009016807,-0.009621179,0.0,0.0
1224,-0.019640835,-0.015295285,-1.4131669,0.0,-0.17677909,-0.029043,0.0739575,-0.0108489,-0.009624682,0.0,0.0
1227,-0.0010461211,-0.031006824,-1.368444,0.0,-0.052534148,-0.02988007,0.101855114,0.004545446,-0.00971312,0.0,0.0
1286,-0.04975268,0.019913163,-1.3562467,0.0,-0.14584544,-0.008747629,0.13792755,-0.002760637,-0.011200851,0.0,0.0
1290,-0.07111524,-0.04236121,-1.3649819,0.0,-0.0031214738,-0.06823671,0.11530928,-0.02563954,-0.010432091,0.0,0.0
1291,-0.012405329,-0.007599731,1.6634068,0.0,-0.043473624,-0.010985424,0.050630312,0.0015286123,-0.004704362,0.0,0.0
1295,-0.05808158,-0.045540836,-1.3945695,0.0,-0.15315375,-0.033584222,0.097659126,-0.0068254843,-0.010152627,0.0,0.0
1298,-0.01646044,-0.0062691355,1.6440759,0.0,-0.016942462,-0.015266237,0.056758586,-0.00483381,-0.004665335,0.0,0.0
1306,0.016782263,-0.0010590751,1.5651975,0.0,-0.013701687,-0.0049955,0.06501768,0.014130981,-0.00497503,0.0,0.0
1317,-0.04975268,0.02008809,-1.3563311,0.0,-0.14560717,-0.008509357,0.13736057,-0.002760637,-0.011200851,0.0,0.0
1319,0.062113203,-0.02157986,-1.4130918,0.0,-0.051685568,-0.024928086,0.13781348,-0.020637793,-0.010972947,0.0,0.0
1346,-0.08922261,0.0025195726,-1.15623,0.0,0.06951341,0.011547051,0.23981114,0.092965834,-0.058751386,0.0,0.0
1363,-0.0044816267,0.010891881,1.4923579,0.0,-0.0036949313,-0.010906186,0.07406884,0.08292126,-0.004759891,0.0,0.0
1372,-0.08279081,-0.04845207,-1.3861125,0.0,-0.093570046,-0.035759687,0.10591273,-0.023728957,-0.011452002,0.0,0.0
1387,0.018803837,-0.0019076457,1.609592,0.0,-0.046879355,-0.0049191797,0.063547865,0.0029075076,-0.0047479863,0.0,0.0
1388,-0.04965574,0.02008809,-1.3562677,0.0,-0.1452653,-0.008509357,0.13710941,-0.002760637,-0.011452002,0.0,0.0
1408,-0.09005149,-0.047220267,-1.2402127,0.0,-0.11782225,-0.017949712,0.1807611,-0.0024545293,-0.02872208,0.0,0.0
1434,0.027250718,0.012470957,1.5433068,0.0,-0.004613922,-0.0071018096,0.07286143,-0.0030290098,-0.0047479863,0.0,0.0
1443,0.076124616,0.049664307,-1.3616432,0.0,0.005479733,-0.021562971,0.17290837,-0.019539297,-0.010958031,0.0,0.0
1444,-0.01907778,-0.012219795,1.5797654,0.0,0.045338593,-0.023640987,0.0598645,0.016220411,-0.009853113,0.0,0.0
1451,-0.06618117,-0.04716849,-1.3991709,0.0,-0.13561672,-0.031725407,0.09054783,-0.0044444287,-0.01048963,0.0,0.0
1454,-0.05421406,-0.035444997,-1.3713733,0.0,-0.025740646,-0.055314016,0.1448502,0.05729041,-0.039903924,0.0,0.0
1463,0.025516897,-0.02157986,-1.4199506,0.0,-0.08255303,-0.021351915,0.16532764,-0.0057055624,-0.010958031,0.0,0.0
1470,-0.006943861,-0.00030523213,1.576102,0.0,0.008323656,-0.014155749,0.065089315,0.018109132,-0.009821912,0.0,0.0
1481,-0.05808158,-0.04565854,-1.3943157,0.0,-0.15257344,-0.033016615,0.096587345,-0.0068254843,-0.010364816,0.0,0.0
1497,-0.050759178,-0.045762405,-1.3962462,0.0,-0.14994362,-0.028825833,0.07884643,-0.002170974,-0.009387015,0.0,0.0
1517,-0.06306009,0.0070614065,-1.3201883,0.0,-0.014204111,-0.04282515,0.06842286,0.18880579,-0.009360552,0.0,0.0
1531,0.022909764,0.00030320254,1.5636221,0.0,0.0038548175,-0.0075826794,0.060736317,-0.0031191965,-0.004327036,0.0,0.0
1550,-0.08116307,-0.06031446,-1.3893863,0.0,-0.06208218,-0.034607425,0.08556239,-0.0236801,-0.010282114,0.0,0.0
1557,-0.036592364,-0.01655193,-1.3868651,0.0,-0.048147816,-0.016082413,0.02011998,0.14303374,-0.010049863,0.0,0.0
1566,-0.060738973,-0.03337363,-1.4014437,0.0,-0.12738219,-0.037337158,0.06974091,-0.0044519706,-0.009262201,0.0,0.0
1571,0.041797526,-0.022645459,-1.44595,0.0,-0.11018,-0.021351915,0.08792358,-0.0057055624,-0.009788141,0.0,0.0
1588,-0.019083321,-0.0058451286,1.6529601,0.0,-0.008648053,-0.015117115,0.041219834,-0.004844813,-0.004244385,0.0,0.0
1596,-0.06757355,-0.04856157,-1.3888648,0.0,-0.06518934,-0.04889262,0.06834748,-0.012977971,-0.009262201,0.0,0.0
1598,-0.048028007,0.01902249,-1.36144,0.0,-0.118506216,-0.008509357,0.11379066,-0.002760637,-0.010282114,0.0,0.0
1599,-0.04687559,-0.019602718,-1.4397699,0.0,-0.10540694,-0.02997441,0.054252367,-0.007313401,-0.009558225,0.0,0.0
1612,-0.08116307,-0.04951767,-1.3913127,0.0,-0.06694731,-0.035759687,0.08275835,-0.023728957,-0.010282114,0.0,0.0
1619,-0.016571406,0.028795343,-1.3722028,0.0,-0.03946789,-0.0061544133,0.032288253,0.12907195,-0.010049863,0.0,0.0
1624,-0.048028007,0.01902249,-1.36144,0.0,-0.118506216,-0.008509357,0.11379066,-0.002760637,-0.010282114,0.0,0.0
1638,0.09147703,0.050832305,-1.3825557,0.0,0.014931045,-0.005778039,0.1510041,-0.019649044,-0.009788141,0.0,0.0
1642,-0.05648098,-0.03337363,-1.4018722,0.0,-0.12891573,-0.037337158,0.069241785,-0.006316016,-0.009194927,0.0,0.0
1649,0.041797526,-0.022645459,-1.44595,0.0,-0.11018,-0.021351915,0.08792358,-0.0057055624,-0.009788141,0.0,0.0
1658,-0.107544966,-0.062958315,-1.3691757,0.0,-0.026358847,-0.05270908,0.08157565,-0.029155111,-0.00962691,0.0,0.0
1674,0.01947737,0.006584936,1.5502245,0.0,0.017198725,-0.014961846,0.058433186,0.0039050304,-0.0044646966,0.0,0.0
1681,-0.04594394,-0.026507214,-1.3610082,0.0,0.16219138,-0.14728276,0.1694275,0.020315604,-0.008615725,0.0,0.0
1693,-0.020873977,-0.0011621072,1.5914227,0.0,0.019483186,-0.01112644,0.04952431,0.014824763,-0.00569536,0.0,0.0
1704,-0.0113392975,-0.005149222,1.6590375,0.0,-0.025423123,-0.013990423,0.038593624,-0.0008721923,-0.004459516,0.0,0.0
1726,-0.033901677,-0.0111019015,-1.4291792,0.0,-0.09954312,-0.03674471,0.057578355,-0.00887661,-0.011205772,0.0,0.0
1733,0.041727424,-0.022645459,-1.4458947,0.0,-0.10932427,-0.021351915,0.08750313,-0.0057055624,-0.010208597,0.0,0.0
1744,-0.06160475,-0.048234086,-1.4049392,0.0,-0.10902541,-0.031725407,0.06697551,-0.006308474,-0.009387015,0.0,0.0
1751,-0.04907362,-0.04951767,-1.3988059,0.0,-0.09759457,-0.032183517,0.07327939,-0.008796725,-0.010282114,0.0,0.0
1762,-0.06160475,-0.048234086,-1.4049392,0.0,-0.10902541,-0.031725407,0.06697551,-0.006308474,-0.009387015,0.0,0.0
1773,-0.102747574,-0.023353716,-1.1569604,0.0,0.087626554,-0.008418351,0.2251031,0.07988462,-0.030441234,0.0,0.0
1783,0.032767564,-0.022684854,-1.4254884,0.0,-0.0966545,-0.019724388,0.036980316,0.018954175,-0.010049863,0.0,0.0
1787,-0.028276905,-0.08667782,-1.3537424,0.0,0.15018806,-0.08427999,0.1274255,0.013840707,-0.0069858627,0.0,0.0
1789,0.027891181,0.0055000456,1.546335,0.0,0.007680306,-0.010076868,0.059528925,0.0038658697,-0.004327036,0.0,0.0
1811,0.05001624,-0.01127632,-1.3791866,0.0,0.038044307,-0.043474477,0.13956326,0.005269047,-0.009788141,0.0,0.0
1826,0.032767564,-0.022684854,-1.425588,0.0,-0.09631682,-0.019386724,0.03640461,0.018954175,-0.010049863,0.0,0.0
1836,0.041727424,-0.022645459,-1.4467931,0.0,-0.10819567,-0.021014247,0.0871573,-0.0057055624,-0.010430692,0.0,0.0
1850,-0.15131769,-0.03199819,-1.2736132,0.0,0.4244193,-0.18855494,0.22387838,0.013659599,-0.008132574,0.0,0.0
1861,-0.06757355,-0.04856157,-1.388146,0.0,-0.06944614,-0.049513355,0.068496995,-0.008968594,-0.009262201,0.0,0.0
1865,-0.006808395,0.0011759842,1.648424,0.0,-0.03850665,-0.008148678,0.04295801,0.0019030585,-0.0046002436,0.0,0.0
1873,0.07318566,0.03719017,-1.4175566,0.0,-0.078280844,-0.0027898354,0.029652432,0.029378047,-0.010297634,0.0,0.0
1889,0.018743198,-0.00061719934,1.6038445,0.0,-0.026752573,-0.0076648016,0.050910812,0.0024523104,-0.0045192535,0.0,0.0
1929,-0.061537474,-0.04748243,-1.4043114,0.0,-0.10891429,-0.03138774,0.06501267,-0.006308474,-0.009319741,0.0,0.0
1942,-0.012852095,-0.0071587665,1.6367732,0.0,-0.005662872,-0.015664764,0.042403024,0.003159602,-0.0046002436,0.0,0.0
1946,-0.049143724,-0.04876601,-1.398038,0.0,-0.09609619,-0.03184585,0.07062163,-0.008796725,-0.010909749,0.0,0.0
1969,0.0904491,0.03798122,-1.3769256,0.0,-0.099174336,-0.012044646,0.12374494,-0.0011302247,-0.0081785545,0.0,0.0
1977,-0.08116307,-0.059562802,-1.3806982,0.0,-0.04502295,-0.04659093,0.090747856,0.0016942051,-0.010282114,0.0,0.0
1996,-0.026823655,-0.0027519974,-1.4178566,0.0,-0.092708424,-0.02958044,-0.01857191,0.026341133,-0.011022676,0.0,0.0
1998,-0.08116307,-0.04876601,-1.3725042,0.0,-0.047821037,-0.06003813,0.087943815,0.0017528472,-0.010282114,0.0,0.0
1999,-0.0853601,-0.059562802,-1.3682603,0.0,-0.042711046,-0.058885865,0.091598585,0.0021674691,-0.009864043,0.0,0.0
2007,-0.0515049,0.019774148,-1.3583493,0.0,-0.117960416,-0.00817169,0.1121932,-0.0024120202,-0.010282114,0.0,0.0
2012,0.06374093,-0.021893801,-1.4087448,0.0,-0.008440665,-0.03691159,0.119407505,0.004736511,-0.009788141,0.0,0.0
2018,0.06946352,0.03798122,-1.4249028,0.0,-0.097515345,-0.011086244,0.10209641,-0.0051396014,-0.010415776,0.0,0.0
2027,-0.028276905,-0.0936661,-1.3657613,0.0,0.11558754,-0.08063218,0.10033923,0.013840707,-0.006773673,0.0,0.0
2028,-0.028253477,-0.00547666,-1.4127767,0.0,-0.093501516,-0.02958044,-0.019530762,0.02635828,-0.010213377,0.0,0.0
2030,-0.044655446,-0.027108189,-1.324304,0.0,0.24862182,-0.15693581,0.17378227,0.021233471,-0.006799275,0.0,0.0
2051,-0.055080462,-0.044009253,-1.355578,0.0,0.012471678,-0.075116485,0.10017952,0.0019114515,-0.010282114,0.0,0.0
2065,0.1124626,0.091396146,-1.2350829,0.0,0.008551071,0.0056252424,0.22955632,0.0063802535,-0.007758099,0.0,0.0
2070,-0.05831185,-0.07625106,-1.3976061,0.0,-0.010413664,-0.029406527,0.10421601,0.0113091525,-0.012199635,0.0,0.0
2071,0.06374093,-0.008291068,-1.3941472,0.0,0.020823989,-0.027689546,0.13935898,0.0051593,-0.009788141,0.0,0.0
2077,-0.012852095,-0.0071587665,1.6367732,0.0,-0.005662872,-0.015664764,0.042403024,0.003159602,-0.0046002436,0.0,0.0
2080,-0.0515049,0.019774148,-1.3583493,0.0,-0.117960416,-0.00817169,0.1121932,-0.0024120202,-0.010282114,0.0,0.0
2092,-0.06251128,-0.047543384,-1.4000524,0.0,-0.10774943,-0.032788582,0.0637233,-0.00868953,-0.008637455,0.0,0.0
2094,0.07318566,0.03794183,-1.4168049,0.0,-0.07832974,-0.0027898354,0.028198015,0.029378047,-0.010297634,0.0,0.0
2107,0.06374093,-0.021893801,-1.4087448,0.0,-0.008440665,-0.03691159,0.119407505,0.004736511,-0.009788141,0.0,0.0
2108,0.018743198,-0.00061719934,1.6048216,0.0,-0.025482338,-0.007341633,0.050554827,0.00031139358,-0.004592601,0.0,0.0
2120,-0.08116307,-0.04876601,-1.3725042,0.0,-0.047821037,-0.06003813,0.087943815,0.0017528472,-0.010282114,0.0,0.0
2124,0.0067604845,0.013931419,1.5045624,0.0,0.08162465,-0.037483137,0.061611824,0.009871315,-0.0044818767,0.0,0.0
2133,0.06946352,0.03798122,-1.4249028,0.0,-0.097515345,-0.011086244,0.10209641,-0.0051396014,-0.010415776,0.0,0.0
2142,-0.10098143,-0.048938844,-1.3707248,0.0,-0.018874722,-0.0644523,0.08489217,-0.0025358975,-0.009262201,0.0,0.0
2151,-0.07227368,-0.029495796,-1.3905573,0.0,0.0052039875,-0.06565532,0.11426348,0.0123387445,-0.0114023555,0.0,0.0
2158,-0.04695724,-0.04501075,-1.3986416,0.0,-0.13748187,-0.028488165,0.06622977,-0.00403502,-0.009864043,0.0,0.0
2167,-0.0047668465,-0.0020759348,1.6413985,0.0,-0.022250587,-0.010700449,0.025994215,0.013604638,-0.004806426,0.0,0.0
2190,0.08472651,0.03152113,-1.2553624,0.0,-0.0026152155,-0.0043027587,0.21272574,0.0058142915,-0.007758099,0.0,0.0
2194,-0.08116307,-0.04876601,-1.3725042,0.0,-0.047821037,-0.06003813,0.087943815,0.0017528472,-0.010282114,0.0,0.0
2204,-0.1027719,-0.039565783,-1.2299097,0.0,0.04884921,0.0016329857,0.15942125,0.03444699,-0.030249815,0.0,0.0
2209,0.07288455,0.09039465,-1.2785952,0.0,-0.13353556,0.017352462,0.18601544,0.0021493086,-0.008544592,0.0,0.0
2211,-0.118334755,-0.042373594,-1.231053,0.0,0.1298154,-0.05727625,0.17430276,0.045048207,-0.027132168,0.0,0.0
2214,-0.006808395,0.0019276411,1.6491758,0.0,-0.03855554,-0.008148678,0.041503593,0.0019030585,-0.0046002436,0.0,0.0
2223,-0.028301235,-0.09206173,-1.3311502,0.0,0.22095191,-0.07902781,0.15538673,0.013534013,-0.0065822545,0.0,0.0
2228,-0.044679772,-0.027863085,-1.2987365,0.0,0.2031314,-0.13930038,0.15539818,0.03018642,-0.0066078566,0.0,0.0
2241,-0.012852095,-0.0071587665,1.6367732,0.0,-0.005662872,-0.015664764,0.042403024,0.003159602,-0.0046002436,0.0,0.0
2242,-0.0515049,0.019774148,-1.3583493,0.0,-0.117960416,-0.00817169,0.1121932,-0.0024120202,-0.010282114,0.0,0.0
2247,-0.029589731,-0.088340476,-1.3572431,0.0,0.13164967,-0.07293236,0.1436801,0.012665644,-0.008398704,0.0,0.0
2252,-0.07227368,-0.030599037,-1.3407497,0.0,0.039492026,-0.065022856,0.1303309,0.021598386,-0.0114023555,0.0,0.0
2267,-0.08200422,-0.05355542,-1.3666611,0.0,-0.05581923,-0.058885865,0.093744315,0.0021674691,-0.009864043,0.0,0.0
2269,-0.044679772,-0.028712556,-1.3090281,0.0,0.176913,-0.15854019,0.13516375,0.03018642,-0.0066078566,0.0,0.0
2270,-0.0515049,0.019774148,-1.3583493,0.0,-0.117960416,-0.00817169,0.1121932,-0.0024120202,-0.010282114,0.0,0.0
2275,-0.05818159,-0.04147505,-1.4027121,0.0,-0.12202247,-0.03138774,0.0671584,-0.006308474,-0.009319741,0.0,0.0
2284,0.06278311,-0.021893801,-1.3972602,0.0,-0.11119635,-0.021972649,0.10733482,-0.0016961857,-0.007758099,0.0,0.0
2300,0.018809766,0.0070331357,1.6080528,0.0,-0.038083907,-0.005923273,0.048104975,0.0028681166,-0.0044646966,0.0,0.0
2313,-0.04705418,-0.04501075,-1.398705,0.0,-0.13782373,-0.028488165,0.06648092,-0.00403502,-0.009612892,0.0,0.0
2314,-0.0515049,0.019774148,-1.3583493,0.0,-0.117960416,-0.00817169,0.1121932,-0.0024120202,-0.010282114,0.0,0.0
2320,-0.044679772,-0.027108189,-1.2743653,0.0,0.28227738,-0.15693581,0.19001983,0.03018642,-0.0066078566,0.0,0.0
2324,0.018743198,-0.00061719934,1.6038445,0.0,-0.026752573,-0.0076648016,0.050910812,0.0024523104,-0.0045192535,0.0,0.0
2364,-0.0068421173,-0.005831616,1.6548777,0.0,-0.026997976,-0.013075915,0.03731797,0.0017415448,-0.0047924616,0.0,0.0
2381,-0.05818159,-0.04147505,-1.4027121,0.0,-0.12202247,-0.03138774,0.0671584,-0.006308474,-0.009319741,0.0,0.0
2402,-0.059788626,-0.0763607,-1.391227,0.0,-0.010536007,-0.03017786,0.10297032,0.008252166,-0.011796027,0.0,0.0
2410,-0.0515049,0.019774148,-1.3583493,0.0,-0.117960416,-0.00817169,0.1121932,-0.0024120202,-0.010282114,0.0,0.0
2418,-0.08200422,-0.04275863,-1.3685875,0.0,-0.06068436,-0.06003813,0.090940274,0.002118612,-0.009864043,0.0,0.0
2422,-0.09665173,-0.043657638,-1.3749572,0.0,-0.030269526,-0.06457426,0.08856972,-7.5221295e-05,-0.009262201,0.0,0.0
2430,-0.06592103,-0.010350245,-1.4131138,0.0,-0.05304625,-0.052304387,0.07287042,0.0015654637,-0.010578137,0.0,0.0
2434,0.1051184,0.0016371103,1.4453323,0.0,0.024892816,-0.013645406,0.07242366,0.005103184,-0.0044646966,0.0,0.0
2454,-0.0120014995,-0.007009889,1.6052253,0.0,0.011513006,-0.009516304,0.046540488,0.006697951,-0.0050519607,0.0,0.0
2461,-0.019636352,-0.007437245,1.619354,0.0,0.011936799,-0.012452217,0.04381771,0.006443332,-0.005628858,0.0,0.0
2474,0.032921597,-0.021933198,-1.4411833,0.0,-0.09947622,-0.016359814,0.051320456,0.019108208,-0.010297634,0.0,0.0
2476,-0.02768289,-0.021026399,-1.1764691,0.0,0.08863306,0.017898634,0.19363673,0.03578048,-0.014848994,0.0,0.0
2477,-0.058232725,-0.04147505,-1.4026537,0.0,-0.12184482,-0.03138774,0.06696411,-0.006104978,-0.0095140245,0.0,0.0
2491,-0.052620616,-0.04876601,-1.3847213,0.0,-0.09872046,-0.045099184,0.0719867,-0.0043312325,-0.010702569,0.0,0.0
2506,0.06374093,-0.010524662,-1.3832024,0.0,0.016241506,-0.028880805,0.13642155,0.0051593,-0.009788141,0.0,0.0
2531,-0.052550513,-0.04876601,-1.3835615,0.0,-0.098920844,-0.045099184,0.07060961,-0.0043312325,-0.010354865,0.0,0.0
2543,-0.025548913,-0.0046155374,-1.1215979,0.0,0.0824713,0.016722865,0.21830426,0.03648688,-0.016308147,0.0,0.0
2544,-0.029753681,-0.0874721,-1.3169283,0.0,0.15774328,-0.07509988,0.12804955,0.010783721,-0.007340044,0.0,0.0
2590,-0.0024895251,-0.006767448,1.1553571,0.0,0.0023675957,0.3291492,0.091909245,0.07110079,-0.0042298087,0.0,0.0
2591,-0.015585079,-0.009011116,1.4677639,0.0,0.0045476877,0.014223214,0.07194862,0.10674846,-0.004238582,0.0,0.0
2595,-0.024577666,-0.009584051,1.5101218,0.0,-0.012124679,0.004939135,0.06599717,0.10588953,-0.004263912,0.0,0.0
2600,0.010145311,-0.00839695,1.6426994,0.0,-0.026826805,-0.017766498,0.0360149,0.004585956,-0.004058101,0.0,0.0
2603,-0.010230151,0.032436196,1.6064512,0.0,-0.023444947,-0.011500017,0.042142257,0.0046098772,-0.0040671905,0.0,0.0
2606,-0.014023694,0.032347154,1.4406573,0.0,0.0066215605,0.02309199,0.050968766,0.10056689,-0.003832662,0.0,0.0
2607,0.031443395,0.00080331444,-1.4108962,0.0,-0.0888346,-0.07540561,0.05226406,0.004888087,-0.008928795,0.0,0.0
2610,-0.02163376,-0.0091586,1.5385813,0.0,-0.017916387,0.0047415458,0.039736632,0.10588953,-0.0038429615,0.0,0.0
2618,-0.045248125,0.02077564,-1.3273902,0.0,-0.01549766,-0.023110634,0.1376173,-5.490915e-05,-0.010354865,0.0,0.0
2620,-0.025548913,-0.0046155374,-1.1215979,0.0,0.0824713,0.016722865,0.21830426,0.03648688,-0.016308147,0.0,0.0
2621,-0.070917524,0.048679095,-1.4118572,0.0,-0.09801645,-0.024350977,0.084222995,-0.0034041333,-0.010255672,0.0,0.0
2622,-0.052550513,-0.04876601,-1.3835615,0.0,-0.098920844,-0.045099184,0.07060961,-0.0043312325,-0.010354865,0.0,0.0
2633,-0.08463997,-0.059562802,-1.3669243,0.0,-0.04204352,-0.058885865,0.08938297,0.0021503211,-0.010354865,0.0,0.0
2637,-0.04772707,-0.04501075,-1.3975241,0.0,-0.13686264,-0.028488165,0.06478223,-0.0038315237,-0.009586777,0.0,0.0
2638,-0.08463997,-0.04876601,-1.3688508,0.0,-0.04690865,-0.06003813,0.08657893,0.002101464,-0.010354865,0.0,0.0
2642,0.090519205,0.10981544,-1.2460184,0.0,-0.07239408,0.029817168,0.2148912,-0.00047523202,-0.007830851,0.0,0.0
2649,-0.047038037,-0.04501075,-1.3974557,0.0,-0.13716838,-0.028488165,0.06455635,-0.0038315237,-0.009812653,0.0,0.0
2663,-0.05785487,-0.0319672,-1.400582,0.0,-0.123871334,-0.037590314,0.06302906,-0.006104978,-0.009307312,0.0,0.0
2670,-0.1280308,-0.03934933,-1.282797,0.0,0.109997354,-0.07402079,0.09222931,0.059597414,-0.030162053,0.0,0.0
2680,-0.06271042,-0.047543384,-1.4017453,0.0,-0.09889937,-0.032788582,0.05690128,-0.008486034,-0.008977002,0.0,0.0
2687,0.090233825,0.03798122,-1.3764203,0.0,-0.094454035,-0.012044646,0.11901467,-0.0011302247,-0.008458486,0.0,0.0
2697,-0.05440226,-0.07154316,-1.3346514,0.0,0.09123318,-0.05269188,0.10228003,0.103056334,-0.011780105,0.0,0.0
2708,-0.052835893,-0.04876601,-1.3842162,0.0,-0.09400015,-0.045099184,0.067256436,-0.0043312325,-0.0109825,0.0,0.0
2709,0.008180197,-0.0027378965,-1.1587164,0.0,0.05203474,0.039837122,0.25161117,0.05970762,-0.016308147,0.0,0.0
2725,0.09532433,-0.040367395,-1.2391026,0.0,0.086245246,0.059472624,0.23819281,0.15917006,-0.01237412,0.0,0.0
2737,-0.044842422,-0.041185953,-1.3970435,0.0,-0.10200762,-0.033482403,0.065162115,-0.008717105,-0.010857685,0.0,0.0
2740,-0.010880254,0.026483273,1.5324377,0.0,-0.005560211,-0.020486664,0.056445684,0.062339503,-0.00438172,0.0,0.0
2742,-0.047543515,0.019774148,-1.3588222,0.0,-0.11264237,-0.00817169,0.105323456,-0.004276066,-0.010354865,0.0,0.0
2745,0.042672846,-0.021893801,-1.445922,0.0,-0.102717444,-0.021014247,0.0791838,-0.0057055624,-0.010503443,0.0,0.0
2749,0.058806702,0.025600502,-1.399793,0.0,-0.084139846,-0.017456334,0.0018782741,0.030379301,-0.011091925,0.0,0.0
2756,0.04251881,-0.021893801,-1.4290069,0.0,-0.10448482,-0.025021462,0.063816406,-0.0017797551,-0.010048492,0.0,0.0
2764,-0.031052146,-0.021735158,-1.1744802,0.0,0.09294371,0.021734998,0.20125085,0.059625402,-0.019749954,0.0,0.0
2774,-0.031052146,-0.021735158,-1.1744802,0.0,0.09294371,0.021734998,0.20125085,0.059625402,-0.019749954,0.0,0.0
2775,-0.0064605563,-0.006300399,-1.2353678,0.0,-0.1059504,0.027950663,0.18622825,0.08671923,-0.012484312,0.0,0.0
2796,0.029487345,0.01722682,-1.2822444,0.0,0.10894623,-0.0038090928,0.17648672,0.056055542,-0.014922159,0.0,0.0
2848,-0.013508575,0.0003604294,-1.3602928,0.0,-0.049088668,-0.00054976065,0.053486463,0.108789936,-0.010259109,0.0,0.0
2850,-0.055294685,-0.023734685,-1.3619468,0.0,0.030699935,-0.08998985,0.009187478,-0.041277014,-0.0152938,0.0,0.0
2858,-0.05876624,-0.0058861542,-1.3627981,0.0,-0.10833995,-0.032899585,-0.01423879,-0.0110945655,-0.009689739,0.0,0.0
2868,-0.03285823,-0.019564139,-1.3385632,0.0,0.056965876,-0.089260936,-0.0473273,-0.0731594,-0.016044999,0.0,0.0
2877,0.08789935,0.02353647,-1.2606584,0.0,0.26857793,0.05861608,0.1311613,0.22087838,-0.010390352,0.0,0.0
2899,-0.048178427,-0.007702824,-1.3829232,0.0,-0.12799992,-0.03359856,0.016124303,-0.008800443,-0.010633729,0.0,0.0
2907,0.061545778,-0.03408353,-1.351164,0.0,-0.09084266,-0.029835321,0.06173103,-0.0126428995,-0.0084007755,0.0,0.0
2936,-0.057295773,0.005065425,-1.3890386,0.0,-0.11284893,-0.043629415,0.014839929,-0.011691497,-0.0091141425,0.0,0.0
2939,0.016754922,-0.008876825,1.658519,0.0,-0.024906801,-0.013612405,0.01388511,-0.00075864646,-0.0046072267,0.0,0.0
2949,-0.011796281,0.004240711,1.6941696,0.0,-0.03988799,-0.015574826,0.0094089,0.00012509408,-0.0042880774,0.0,0.0
2956,0.068226196,0.025791492,-1.3788064,0.0,-0.07716166,-0.018948916,0.056492627,-0.016086314,-0.011058452,0.0,0.0
2969,-0.053857945,-0.0076733255,-1.3719763,0.0,-0.0910041,-0.051824782,0.029646628,-0.014403617,-0.011345245,0.0,0.0
2978,-0.049571183,-0.011646126,-1.3375239,0.0,0.00884003,-0.038752917,-0.0068825767,-0.07347391,-0.02244729,0.0,0.0
2982,0.063768186,0.015825026,-1.2618228,0.0,0.2677762,0.05861608,0.12811764,0.22291987,-0.010390352,0.0,0.0
2984,0.016754922,-0.008876825,1.6584456,0.0,-0.024686756,-0.013612405,0.0138117615,-0.00075864646,-0.004680575,0.0,0.0
2995,-0.0020360528,-0.034186535,-1.3764158,0.0,-0.08163393,-0.0076188017,0.05917352,0.06989831,-0.010424156,0.0,0.0
3014,0.037310254,-0.03408353,-1.4008869,0.0,-0.09030966,-0.029710997,0.039743345,-0.00892208,-0.011073368,0.0,0.0
3057,-0.07381912,0.03648937,-1.3840293,0.0,-0.0827976,-0.029752016,0.05487651,-0.007827378,-0.011073368,0.0,0.0
3061,-0.049809694,-0.0029823522,-1.3800577,0.0,-0.12038549,-0.03253345,0.0022875015,-0.009506777,-0.010725059,0.0,0.0
3062,-0.0497422,-0.0029823522,-1.3800639,0.0,-0.11957493,-0.03253345,0.0019742558,-0.009814052,-0.01097621,0.0,0.0
3064,0.08921177,0.031338632,-1.3173271,0.0,-0.07670538,-0.016925693,0.05415154,-0.012026109,-0.009028411,0.0,0.0
3065,-0.103391506,-0.007334059,-1.365907,0.0,-0.001082543,-0.07112414,0.04116194,-0.013610411,-0.009054408,0.0,0.0
3068,-0.058470525,0.005340722,-1.3882936,0.0,-0.114233635,-0.042605046,0.016358642,-0.011758941,-0.010050772,0.0,0.0
3073,0.061475676,-0.02853639,-1.3376673,0.0,-0.08822554,-0.026853696,0.03752813,-0.01259207,-0.00882123,0.0,0.0
3074,-0.031569738,-0.019175114,-1.3297038,0.0,0.09891286,-0.111078486,-0.08673502,-0.066234544,-0.014228548,0.0,0.0
3076,-0.05050206,-0.0005721473,-1.3711807,0.0,-0.09751221,-0.052626092,0.029294893,-0.01834555,-0.0109948255,0.0,0.0
3078,-0.04983914,-0.0029823522,-1.3801275,0.0,-0.119916804,-0.03253345,0.0022254083,-0.009814052,-0.010725059,0.0,0.0
3093,-0.058441076,0.005340722,-1.3882236,0.0,-0.11470232,-0.042605046,0.016420735,-0.011451667,-0.010050772,0.0,0.0
3095,0.068226196,0.023639474,-1.377575,0.0,-0.07745188,-0.019308034,0.058121484,-0.016145136,-0.011058452,0.0,0.0
3098,-0.0152030615,-0.051120583,-1.3724319,0.0,0.05564357,-0.09421855,-0.009620162,-0.027228419,-0.013228079,0.0,0.0
3117,0.068226196,0.023639474,-1.3779027,0.0,-0.076283164,-0.019570988,0.056374736,-0.014976424,-0.011058452,0.0,0.0
3122,-0.049571183,-0.011646126,-1.3378516,0.0,0.010008741,-0.03901587,-0.00862932,-0.072305195,-0.02244729,0.0,0.0
3162,-0.04974053,-0.0028993932,-1.3830944,0.0,-0.11015775,-0.032817896,-0.0019253213,-0.012352664,-0.010725059,0.0,0.0
3166,-0.058371916,0.0054236813,-1.3912603,0.0,-0.10447458,-0.042889494,0.012207914,-0.014297554,-0.010050772,0.0,0.0
3170,0.06487289,0.023442809,-1.3163563,0.0,-0.077902295,-0.03941114,0.0639613,-0.010460103,-0.009187268,0.0,0.0
3172,0.068226196,0.023639474,-1.3779027,0.0,-0.076283164,-0.019570988,0.056374736,-0.014976424,-0.011058452,0.0,0.0
3181,0.08348918,-0.027445454,-1.3011303,0.0,0.021284513,-0.041352082,0.06282955,-0.004961109,-0.0084007755,0.0,0.0
3187,-0.05037322,0.011095241,-1.3644084,0.0,0.092091314,-0.11509903,0.05680169,0.0054753684,-0.013730383,0.0,0.0
3189,0.020921487,-0.0085832765,1.6184772,0.0,0.0065280516,-0.01641458,0.01884354,0.0010396952,-0.0044150096,0.0,0.0
3193,0.06807216,0.023639474,-1.3626968,0.0,-0.072563365,-0.022638917,0.04041977,-0.014958211,-0.010825597,0.0,0.0
3200,-0.049777687,-0.008049348,-1.3840219,0.0,-0.11824883,-0.034845114,0.016356176,-0.014150234,-0.01097621,0.0,0.0
3211,-0.04974053,-0.0028993932,-1.3830944,0.0,-0.11015775,-0.032817896,-0.0019253213,-0.012352664,-0.010725059,0.0,0.0
3223,-0.009656856,-0.0030420963,1.6438694,0.0,0.014440349,-0.022206308,0.017191485,0.00048950774,-0.0046882173,0.0,0.0
3236,-0.049571183,-0.011646126,-1.337821,0.0,0.009899719,-0.038991343,-0.008466376,-0.07241422,-0.02244729,0.0,0.0
3242,-0.08587729,-0.008539228,-1.3572799,0.0,-0.03759277,-0.06681126,0.04358671,-0.006903729,-0.01092479,0.0,0.0
3248,-0.016716732,-0.0067551048,1.6587589,0.0,0.03770269,-0.02859824,0.0037879637,-0.0067361225,-0.005046071,0.0,0.0
3257,0.014057402,-0.008951406,1.6693786,0.0,-0.024862923,-0.013624808,0.0066409083,-0.001399162,-0.0048415223,0.0,0.0
3258,0.020166686,0.0030770088,1.6430345,0.0,-0.023568133,-0.012376598,0.01120226,-0.0002970299,-0.0048415223,0.0,0.0
3269,0.04720964,0.023368226,-1.3399366,0.0,-0.08874213,-0.03938661,0.026233176,-0.010447638,-0.010924753,0.0,0.0
3274,-0.07017742,0.057978313,-1.0757581,0.0,-0.0049762996,-0.07797711,0.020809816,0.13607126,-0.007495469,0.0,0.0
3275,-0.040901653,-0.0077479077,-1.3740181,0.0,-0.0991006,-0.052063208,0.021141665,-0.012720313,-0.011159403,0.0,0.0
3282,-0.024736937,0.015067062,-1.3283082,0.0,-0.036814243,-0.02102131,0.065956354,0.073046416,-0.009857044,0.0,0.0
3285,-0.069975145,-0.008613809,-1.3595613,0.0,-0.046102293,-0.06681126,0.035894413,-0.008144159,-0.011159403,0.0,0.0
3289,-0.04132914,-0.008310553,-1.3465569,0.0,-0.107069746,-0.031525392,-0.03444873,-0.009853754,-0.020210551,0.0,0.0
3300,0.08766404,0.023461888,-1.318853,0.0,-0.00454526,0.021304253,0.07408494,0.11451938,-0.010415712,0.0,0.0
3314,0.093101114,0.024459165,-1.2969768,0.0,0.022074906,-0.04560957,0.05804726,-0.0058494345,-0.01013826,0.0,0.0
3325,-0.007143833,-0.0014445218,1.6972657,0.0,-0.03787463,-0.01262783,0.002559868,0.00035851757,-0.0046960963,0.0,0.0
3328,0.34190643,-0.00027624064,-1.2165172,0.0,0.1042819,-0.065669656,0.12805688,-0.024510827,-0.010924753,0.0,0.0
3331,-0.036854345,-0.0029739744,-1.3847531,0.0,-0.11856722,-0.03279337,-0.009103997,-0.011838071,-0.010959674,0.0,0.0
3342,-0.028364392,-0.015460822,-1.3322855,0.0,0.08147661,-0.12523073,-0.06070187,-0.06501635,-0.01422919,0.0,0.0
3346,-0.045553006,0.0050251214,-1.3937242,0.0,-0.112746246,-0.042937346,0.005310633,-0.013802679,-0.009416033,0.0,0.0
3361,-0.03525509,-0.007694447,-1.3875362,0.0,-0.127478,-0.03385848,0.0051076743,-0.010512054,-0.010617193,0.0,0.0
3363,-0.069975145,-0.008613809,-1.3595613,0.0,-0.046102293,-0.06681126,0.035894413,-0.008144159,-0.011159403,0.0,0.0
3369,-0.069975145,-0.008613809,-1.3595613,0.0,-0.046102293,-0.06681126,0.035894413,-0.008144159,-0.011159403,0.0,0.0
3374,0.014057402,-0.008951406,1.6693786,0.0,-0.024862923,-0.013624808,0.0066409083,-0.001399162,-0.0048415223,0.0,0.0
3386,-0.03798653,-0.0012351298,-1.3728577,0.0,-0.10483665,-0.052864518,0.020920197,-0.016662246,-0.0110468175,0.0,0.0
3388,0.05844433,0.025431708,-1.2994083,0.0,0.040836927,-0.06843112,0.055170055,-0.0057396884,-0.010924753,0.0,0.0
3392,0.04413856,-0.02861097,-1.3610317,0.0,-0.09794837,-0.027092122,-0.0020362986,-0.012139264,-0.010558715,0.0,0.0
3409,-0.029652886,-0.02035732,-1.3392756,0.0,0.05074227,-0.09109935,-0.051689535,-0.062434223,-0.01604564,0.0,0.0
3410,-0.045485735,0.0048184344,-1.3937842,0.0,-0.11280268,-0.042816117,0.0053779073,-0.013802679,-0.009348758,0.0,0.0
3422,0.040254787,-0.03415811,-1.3868536,0.0,-0.095198356,-0.029115345,0.03632763,-0.0154711,-0.011064926,0.0,0.0
3423,0.04875634,-0.0013850059,1.6587937,0.0,-0.054722644,-0.012964425,0.01216337,-0.009507109,-0.0047371387,0.0,0.0
3432,0.067120984,0.011783639,-1.3431246,0.0,-0.01687276,-0.020814892,0.06184354,0.018063089,-0.009855782,0.0,0.0
3445,0.050351415,-0.014558415,-1.0941563,0.0,0.6517464,-0.01782009,0.17160678,0.06387425,-0.024635373,0.0,0.0
3462,-0.028364392,-0.019965595,-1.3351297,0.0,0.069275305,-0.093681484,-0.07270084,-0.06501635,-0.01422919,0.0,0.0
3465,-0.035503875,0.006498427,-1.3717744,0.0,-0.115043625,-0.05854805,0.022514937,-0.014499767,-0.010212962,0.0,0.0
3469,-0.036854345,-0.0029739744,-1.3837284,0.0,-0.11807523,-0.03279337,-0.008985722,-0.013473017,-0.010959674,0.0,0.0
3473,0.066152066,-0.027520034,-1.3240893,0.0,0.009938065,-0.041327555,0.025389012,-0.0056770146,-0.01013826,0.0,0.0
3474,-0.018650992,-0.0055144452,1.6550555,0.0,0.048361253,-0.03583415,0.003375628,-0.00597752,-0.00441813,0.0,0.0
3479,-0.069975145,-0.0077479077,-1.3598217,0.0,-0.047752395,-0.06700215,0.037137464,-0.008151662,-0.011159403,0.0,0.0
3508,0.07024272,0.023640495,-1.3642839,0.0,-0.09169919,-0.019393358,0.057324138,-0.0136634,-0.011064926,0.0,0.0
3516,0.055212703,0.023856204,-1.3614587,0.0,-0.09375655,-0.01952668,0.07268234,-0.014841974,-0.011064926,0.0,0.0
3531,-0.028079726,0.006934978,-1.3669156,0.0,-0.09465868,-0.042796336,0.08557802,-0.014509565,-0.009348758,0.0,0.0
3539,-0.05120927,-0.014506223,-1.348021,0.0,-0.03462042,-0.04210876,0.026751792,-0.056800433,-0.015074238,0.0,0.0
3565,0.016684476,0.0022116073,1.6365498,0.0,-0.026061183,-0.012476931,0.024225894,0.000105101906,-0.0048415223,0.0,0.0
3566,-0.044296794,0.0074203582,-1.3287251,0.0,-0.09683452,-0.05040416,0.056659456,-0.01181992,-0.013369031,0.0,0.0
3568,-0.03236599,-0.011196955,-1.33365,0.0,-0.03563676,-0.038908426,0.010431182,-0.07157981,-0.022681905,0.0,0.0
3590,-0.023990411,-0.0043393867,-1.3241369,0.0,-0.08154238,-0.031442475,0.044436228,-0.013963731,-0.020277826,0.0,0.0
3597,0.05297752,0.03052428,-1.2678291,0.0,-0.0012169664,-0.018318482,0.16943927,0.023548996,-0.0061451793,0.0,0.0
3606,-0.08409723,0.03253924,-1.3704141,0.0,-0.09693063,-0.030929063,0.06828297,-0.0025368112,-0.011193186,0.0,0.0
3608,-0.035212316,-0.0016985185,-1.3587638,0.0,-0.08323404,-0.056876943,0.08228473,-0.015088175,-0.010320401,0.0,0.0
3623,-0.038559116,-0.0014873169,-1.314005,0.0,0.040982053,-0.08024665,0.046573788,-0.009244351,-0.012741763,0.0,0.0
3631,0.018385647,-0.03411918,-1.3904469,0.0,-0.099226154,-0.03214226,0.028647322,-0.0060393885,-0.014166083,0.0,0.0
3635,0.018385647,-0.03411918,-1.3957272,0.0,-0.08726687,-0.031224877,0.025016315,-0.009876518,-0.014294343,0.0,0.0
3637,0.055111066,0.020643521,-1.3510491,0.0,-0.09198389,-0.020866122,0.031234112,-0.011948258,-0.013867052,0.0,0.0
3639,-0.042124555,-0.008082512,-1.34867,0.0,-0.051396098,-0.052781183,0.010128703,-0.018537067,-0.016428022,0.0,0.0
3644,-0.025994714,0.0043529216,-1.3649856,0.0,-0.097023904,-0.052446444,0.039765142,-0.014378132,-0.014719622,0.0,0.0
3656,-0.025954844,-0.0037865255,-1.3343285,0.0,-0.06632151,-0.032231018,0.010477314,-0.008282172,-0.023543995,0.0,0.0
3658,-0.04712812,0.00856149,-1.3531617,0.0,-0.05098112,-0.07284133,0.054606576,-0.008939894,-0.013449905,0.0,0.0
3662,-0.021092223,-0.006143794,-1.3701632,0.0,-0.0821741,-0.052247215,0.036605988,-0.01537002,-0.014846031,0.0,0.0
3663,0.031466216,0.023407156,-1.3489299,0.0,-0.07792212,-0.040621046,0.0061446275,-0.014619548,-0.014611378,0.0,0.0
3667,-0.03217203,-0.01086088,-1.3404323,0.0,-0.02548257,-0.039567817,-0.029646972,-0.05946981,-0.025948074,0.0,0.0
3670,0.018385647,-0.03411918,-1.3954048,0.0,-0.091940515,-0.03214226,0.017477427,-0.0060393885,-0.014555108,0.0,0.0
3674,0.2162471,0.008059154,-1.2921572,0.0,-0.035602774,-0.057004336,0.014832964,0.016270503,-0.0196505,0.0,0.0
3675,-0.022664003,0.006265771,-1.3781613,0.0,-0.0692368,-0.05690192,0.0022746674,-0.01173864,-0.020442754,0.0,0.0
3683,0.013720561,0.003497746,1.6505743,0.0,0.0008484898,-0.014798236,-0.010279753,-0.0009371029,-0.006228744,0.0,0.0
3687,0.023391984,-0.027506445,-1.3806367,0.0,-0.0633106,-0.027277235,-0.056503605,-0.012679793,-0.018990418,0.0,0.0
3701,0.05080195,0.024472754,-1.3644022,0.0,-0.058649287,-0.019264312,-0.019224238,-0.011444284,-0.01942161,0.0,0.0
3704,-0.024427705,-0.004494494,-1.3366901,0.0,-0.032999367,-0.030311614,0.008403955,-0.011787038,-0.019733453,0.0,0.0
3706,0.016328368,-0.033053584,-1.4059635,0.0,-0.071739584,-0.030757908,-0.012143315,-0.0064624595,-0.019720638,0.0,0.0
3708,-0.017367503,-0.013997289,-1.3522336,0.0,-0.02113055,-0.038518496,-0.060117994,-0.05972172,-0.02097184,0.0,0.0
3709,-0.031372957,0.004405931,-1.3756893,0.0,-0.02717759,-0.041804843,0.049792204,-0.012348965,-0.017843967,0.0,0.0
3717,-0.05458787,-0.005421644,-1.3812293,0.0,-0.01829396,-0.057591323,-0.0075570852,-0.014867959,-0.017010778,0.0,0.0
3720,-0.017181993,-0.004971553,-1.3562336,0.0,0.017360866,-0.06880923,0.010248123,-0.012019087,-0.019578982,0.0,0.0
3721,-0.017991425,-0.0013278871,-1.3560678,0.0,0.014317187,-0.06959648,0.008324305,-0.011487301,-0.01735606,0.0,0.0
3724,-0.0061854897,0.016296132,-1.3551663,0.0,0.099010326,-0.1354582,-0.19775757,-0.02625917,-0.018403878,0.0,0.0
3732,-0.006612298,-0.004936676,-1.4097282,0.0,-0.048002608,-0.029802028,-0.094194435,-0.01084043,-0.023149418,0.0,0.0
3738,0.030126909,-0.0011699309,-1.4058424,0.0,-0.03668265,-0.025030164,-0.14841746,-0.013634158,-0.026616354,0.0,0.0
3743,0.022502923,-0.005510299,-1.4029392,0.0,-0.031185227,-0.024697552,-0.14607382,-0.012746505,-0.026616354,0.0,0.0
3744,0.01597453,-0.011160444,-1.4247658,0.0,-0.0370106,-0.025792088,-0.13043535,0.01660649,-0.026247285,0.0,0.0
3751,-0.013564559,0.002093562,-1.414252,0.0,-0.045600697,-0.036913127,-0.088383675,-0.012040109,-0.018605337,0.0,0.0
3755,-0.029640334,-0.014727432,-1.3788667,0.0,0.06936442,-0.086353585,-0.14207928,-0.023889696,-0.017731566,0.0,0.0
3757,0.011252095,-0.00015348627,1.7052529,0.0,0.0012489115,-0.014283043,-0.058961667,-0.0011088923,-0.0068494845,0.0,0.0
3759,-0.00080900965,0.024078503,-1.3583199,0.0,-0.016858052,-0.052009508,-0.1295275,0.016653545,-0.024350634,0.0,0.0
3764,-0.0061854897,0.016296132,-1.355398,0.0,0.098963134,-0.1354582,-0.19881555,-0.02625917,-0.017066985,0.0,0.0
3767,-0.009354201,-0.006785778,-1.3775649,0.0,0.0028695844,-0.03138639,-0.15208507,-0.026999779,-0.02173321,0.0,0.0
3773,-0.01056366,-0.006654859,-1.4017532,0.0,-0.018376496,-0.04521312,-0.10894726,-0.012169319,-0.023588117,0.0,0.0
3779,-0.009385091,-0.006785778,-1.3777782,0.0,0.0028064155,-0.03138639,-0.1530367,-0.026999779,-0.020474292,0.0,0.0
3785,-0.01021386,-0.006654859,-1.4018534,0.0,-0.018404901,-0.04521312,-0.10951819,-0.012169319,-0.02323832,0.0,0.0
3787,0.01610308,-0.011150818,-1.3656907,0.0,-0.019615427,-0.04817132,-0.10497253,0.016552038,-0.024196807,0.0,0.0
3790,-0.029671224,-0.014727432,-1.3766268,0.0,0.07107094,-0.086353585,-0.14725357,-0.023889696,-0.016472647,0.0,0.0
3798,0.027883718,0.0015937027,-1.392895,0.0,-0.029095145,-0.037107635,-0.15956761,-0.01337939,-0.02469866,0.0,0.0
3800,-0.0052092257,-0.0007350286,-1.4076924,0.0,-0.04806393,-0.028908348,-0.10331278,-0.011192008,-0.022152362,0.0,0.0
3806,0.028024687,0.0015937027,-1.4038438,0.0,-0.030311765,-0.024812704,-0.15911561,-0.012707113,-0.02609349,0.0,0.0
3808,0.02280653,-0.005510299,-1.4031122,0.0,-0.031561296,-0.024697552,-0.14726128,-0.013231316,-0.02469866,0.0,0.0
3810,0.028024687,0.0015937027,-1.4038438,0.0,-0.030311765,-0.024812704,-0.15911561,-0.012707113,-0.02609349,0.0,0.0
3817,-0.0049958853,-0.0007350286,-1.4075484,0.0,-0.047452737,-0.028908348,-0.103294626,-0.011192008,-0.023139069,0.0,0.0
3819,0.03176297,0.01004893,-1.4040462,0.0,-0.043495234,-0.030191127,-0.15264194,-0.01316764,-0.025535889,0.0,0.0
3838,-0.0046871933,-0.006548217,-1.396201,0.0,0.0072206995,-0.059831295,-0.1319496,-0.012031084,-0.02323832,0.0,0.0
3843,-0.013688045,0.002093562,-1.4146544,0.0,-0.045663867,-0.036913127,-0.08962399,-0.012826911,-0.015989307,0.0,0.0
3847,-0.0046871933,-0.006548217,-1.396201,0.0,0.0072206995,-0.059831295,-0.1319496,-0.012031084,-0.02323832,0.0,0.0
3848,-0.0039111627,-0.012189975,-1.3635117,0.0,0.0806244,-0.08271879,-0.19998991,-0.026419064,-0.015808068,0.0,0.0
3850,-0.0037539364,-0.0029223966,-1.4046068,0.0,-0.0387035,-0.04287429,-0.09622808,-0.012258724,-0.0259183,0.0,0.0
3864,0.033009134,0.0026846402,-1.3844199,0.0,0.0036811326,-0.039397284,-0.2080845,-0.011883488,-0.02285591,0.0,0.0
3869,0.098721035,-0.006039253,-1.3729037,0.0,0.009483835,-0.04494572,-0.26698646,-0.02159207,-0.023003668,0.0,0.0
3870,-0.0037539364,-0.0029223966,-1.4046068,0.0,-0.0387035,-0.04287429,-0.09622808,-0.012258724,-0.0259183,0.0,0.0
3887,-0.029671224,-0.014727432,-1.3766268,0.0,0.07107094,-0.086353585,-0.14725357,-0.023889696,-0.016472647,0.0,0.0
3888,-0.005199657,-0.015272809,-1.3688937,0.0,0.056087084,-0.057543553,-0.18832661,-0.027150374,-0.01762452,0.0,0.0
3892,-0.003288071,-0.0029969234,1.7164414,0.0,-0.0033926147,-0.0153409345,-0.046942625,-0.0013145,-0.006768234,0.0,0.0
3893,-0.015316665,-0.0060498263,-1.4112271,0.0,-0.023977669,-0.044707246,-0.093498275,-0.015895238,-0.016594006,0.0,0.0
3894,-0.0039111627,-0.012189975,-1.3635117,0.0,0.0806244,-0.08271879,-0.19998991,-0.026419064,-0.015808068,0.0,0.0
3895,0.033009134,0.0026846402,-1.3844199,0.0,0.0036811326,-0.039397284,-0.2080845,-0.011883488,-0.02285591,0.0,0.0
3897,0.02793195,-0.0044193617,-1.394637,0.0,0.0012149822,-0.026987202,-0.19577819,-0.011735414,-0.02285591,0.0,0.0
3900,0.024908576,-0.0064216577,-1.3936632,0.0,0.014120512,-0.042647023,-0.1891028,-0.011604683,-0.02285591,0.0,0.0
3901,-0.01021386,-0.006654859,-1.4018534,0.0,-0.018404901,-0.04521312,-0.10951819,-0.012169319,-0.02323832,0.0,0.0
3902,-0.021701353,-0.0060498263,-1.4073714,0.0,-0.0039283726,-0.0477004,-0.10949184,-0.0144288875,-0.016594006,0.0,0.0
3917,0.0333041,0.009489527,-1.3819289,0.0,0.0021316481,-0.038185712,-0.21766166,-0.011559253,-0.02285591,0.0,0.0
3919,-0.005199657,-0.015503839,-1.3692877,0.0,0.054102965,-0.058058236,-0.18676469,-0.025588453,-0.01762452,0.0,0.0
3933,0.024560092,0.0019741296,-1.3950406,0.0,-0.037341617,-0.039655082,-0.14314981,-0.012929491,-0.025683647,0.0,0.0
3934,0.015915051,-0.011057439,-1.4285662,0.0,-0.03533118,-0.028513255,-0.10825327,-0.005067139,-0.026392523,0.0,0.0
3936,0.018622126,-0.009207212,-1.333015,0.0,0.02054204,-0.068356335,-0.10274449,0.016388824,-0.02319054,0.0,0.0
3947,-0.0038291712,-0.006654859,-1.4057093,0.0,-0.038454194,-0.042219963,-0.093524635,-0.013635669,-0.02323832,0.0,0.0
3948,-0.0052092257,-0.0007350286,-1.4076924,0.0,-0.04806393,-0.028908348,-0.10331278,-0.011192008,-0.022152362,0.0,0.0
3954,-0.00621638,0.016296132,-1.3556113,0.0,0.09889997,-0.1354582,-0.19976717,-0.02625917,-0.015808068,0.0,0.0
3966,-0.01021386,-0.007520761,-1.4015152,0.0,-0.01720971,-0.04502223,-0.1103841,-0.012161817,-0.02323832,0.0,0.0
3973,0.015915051,-0.011057439,-1.4285662,0.0,-0.03533118,-0.028513255,-0.10825327,-0.005067139,-0.026392523,0.0,0.0
3975,0.02149629,0.0038393824,-1.419328,0.0,-0.038359597,-0.023562148,-0.15927279,0.018080663,-0.025724422,0.0,0.0
3978,-0.0039111627,-0.012189975,-1.3635117,0.0,0.0806244,-0.08271879,-0.19998991,-0.026419064,-0.015808068,0.0,0.0
3979,0.0018596472,0.026022108,-1.3257,0.0,0.023449015,-0.072194524,-0.12769239,0.016490329,-0.023194756,0.0,0.0
3989,-0.0063400036,-0.0031512638,-1.4050817,0.0,-0.03764603,-0.042619232,-0.09533394,-0.014493469,-0.02260036,0.0,0.0
3990,-0.005199657,-0.015272809,-1.3688937,0.0,0.056087084,-0.057543553,-0.18832661,-0.027150374,-0.01762452,0.0,0.0
3992,0.058536433,-0.00022606476,-1.3921466,0.0,-0.06491161,-0.028616447,-0.15719603,-0.019506508,-0.02319938,0.0,0.0
3993,-0.029671224,-0.014516251,-1.3765982,0.0,0.07099097,-0.08643355,-0.14733355,-0.023889696,-0.016472647,0.0,0.0
4007,0.015915051,-0.011057439,-1.4285662,0.0,-0.03533118,-0.028513255,-0.10825327,-0.005067139,-0.026392523,0.0,0.0
4008,0.021333398,0.0108819455,-1.4141476,0.0,-0.048479967,-0.023767183,-0.16309018,0.020041902,-0.025602845,0.0,0.0
4009,-0.010409572,-0.007520761,-1.4014663,0.0,-0.01720971,-0.04502223,-0.110306546,-0.011896914,-0.023434032,0.0,0.0
4012,0.016124139,-0.011160444,-1.4249307,0.0,-0.036487732,-0.025792088,-0.1314658,0.01660649,-0.025724422,0.0,0.0
4024,-0.004111587,-0.006654859,-1.4056133,0.0,-0.03680146,-0.042219963,-0.09314809,-0.013635669,-0.02508107,0.0,0.0
4026,0.022652533,-0.005510299,-1.4031041,0.0,-0.030662363,-0.024697552,-0.14710428,-0.012746505,-0.02609349,0.0,0.0
4027,-0.0039111627,-0.012189975,-1.3635117,0.0,0.0806244,-0.08271879,-0.19998991,-0.026419064,-0.015808068,0.0,0.0
4029,-0.005898839,-0.005565136,-1.4129921,0.0,-0.056371186,-0.030184759,-0.089073874,-0.010633351,-0.016546907,0.0,0.0
4035,0.022233022,0.0015937027,-1.3943477,0.0,-0.031096483,-0.038783286,-0.15048221,-0.01337939,-0.023003668,0.0,0.0
4036,-0.010409572,-0.007520761,-1.4014663,0.0,-0.01720971,-0.04502223,-0.110306546,-0.011896914,-0.023434032,0.0,0.0
4038,-0.009385091,-0.006785778,-1.3777782,0.0,0.0028064155,-0.03138639,-0.1530367,-0.026999779,-0.020474292,0.0,0.0
4048,0.006353697,0.001820435,-1.4056798,0.0,-0.04000727,-0.052454602,-0.1814108,0.074150756,-0.025602845,0.0,0.0
4052,-0.005898839,-0.005565136,-1.4121299,0.0,-0.056360442,-0.030184759,-0.089337945,-0.010633351,-0.017155854,0.0,0.0
4054,-0.005457019,-0.0007350286,-1.4072089,0.0,-0.04806393,-0.02901001,-0.10282929,-0.011809518,-0.022152362,0.0,0.0
4058,0.016285893,-0.011057439,-1.4283153,0.0,-0.03521988,-0.028513255,-0.10721058,-0.005067139,-0.02816828,0.0,0.0
4063,0.022981659,-0.005510299,-1.4028124,0.0,-0.03145,-0.024697552,-0.14614104,-0.012966411,-0.02667013,0.0,0.0
4064,0.027251152,0.0036571845,-1.3860435,0.0,0.002280977,-0.04128833,-0.19652978,-0.011618584,-0.024975138,0.0,0.0
4066,0.022981659,-0.005510299,-1.4028124,0.0,-0.03145,-0.024697552,-0.14614104,-0.012966411,-0.02667013,0.0,0.0
4069,0.003609888,-0.0011350055,-1.4068547,0.0,-0.039315596,-0.049680766,-0.17470664,0.07263267,-0.02738026,0.0,0.0
4070,0.0097914,-0.00015348627,1.7133418,0.0,-0.014269337,-0.013236089,-0.050453275,-0.0015134804,-0.0071102655,0.0,0.0
4076,-0.008618842,-0.0066768858,-1.3742961,0.0,-0.024411924,-0.039589126,-0.13692619,-0.013493367,-0.023253761,0.0,0.0
4077,-0.0036540423,-0.006654859,-1.4054095,0.0,-0.038342897,-0.042219963,-0.09240438,-0.013370764,-0.02520979,0.0,0.0
4078,-0.011070121,0.01181801,-1.2719725,0.0,-0.037087433,-0.09436856,-0.15667063,0.07254627,-0.024968902,0.0,0.0
4080,-0.0059891297,-0.0030320324,-1.407247,0.0,-0.04103132,-0.04298393,-0.09603995,-0.012581829,-0.01836077,0.0,0.0
4088,0.028395528,0.0015937027,-1.4035928,0.0,-0.030200468,-0.024812704,-0.15807292,-0.012707113,-0.027869247,0.0,0.0
4090,-0.0042147385,-0.0035107983,-1.4041741,0.0,-0.038481697,-0.04287429,-0.09509563,-0.012258724,-0.026656112,0.0,0.0
4095,-0.003383095,-0.0029223966,-1.4043559,0.0,-0.038592204,-0.04287429,-0.09518538,-0.012258724,-0.02769406,0.0,0.0
4100,-0.0026681714,-0.005455501,-1.4102179,0.0,-0.056447707,-0.02997346,-0.08877426,-0.008519405,-0.02520979,0.0,0.0
4105,-0.0059641907,-0.0030320324,-1.4066533,0.0,-0.0386692,-0.04298393,-0.09534101,-0.012581829,-0.022040498,0.0,0.0
4107,-0.009595891,-0.005988578,-1.3792359,0.0,-0.043982193,-0.027517699,-0.13016707,-0.012861498,-0.017917182,0.0,0.0
4110,0.023177372,-0.005510299,-1.4026495,0.0,-0.030577937,-0.024697552,-0.14590758,-0.013231316,-0.027869247,0.0,0.0
4111,-0.0053053163,-0.015272809,-1.3688558,0.0,0.055981424,-0.057543553,-0.18804759,-0.027150374,-0.01773018,0.0,0.0
4113,0.005559476,-0.025130244,-1.3951446,0.0,0.057942756,-0.058073446,-0.16368538,-0.028643606,-0.016749088,0.0,0.0
4117,0.0052174097,0.01791225,-1.3691881,0.0,0.017773695,-0.0686557,-0.17943704,-0.025956744,-0.020705473,0.0,0.0
4122,0.033184264,0.0026846402,-1.38412,0.0,0.0037924293,-0.039397284,-0.20696425,-0.011618584,-0.02482738,0.0,0.0
4125,-9.3883835e-05,-0.008885551,-1.364313,0.0,-0.04303047,-0.052058708,-0.16070193,0.05289997,-0.026941655,0.0,0.0
4134,-0.014041496,0.002093562,-1.414133,0.0,-0.045769528,-0.03701479,-0.08886148,-0.013444422,-0.016094968,0.0,0.0
4136,0.08774456,-0.0036083057,-1.3666922,0.0,-0.03862928,-0.039871287,-0.26000386,0.025277624,-0.02704765,0.0,0.0
4137,0.0013666779,0.02292469,-1.3955889,0.0,-0.010550989,-0.033167034,-0.14509204,4.2603642e-05,-0.02746686,0.0,0.0
4149,0.023023374,-0.005510299,-1.4028531,0.0,-0.030551067,-0.024697552,-0.14606157,-0.012746505,-0.027869247,0.0,0.0
4153,0.016285893,-0.011057439,-1.4283153,0.0,-0.03521988,-0.028513255,-0.10721058,-0.005067139,-0.02816828,0.0,0.0
4160,-0.021897266,-0.0060498263,-1.4071757,0.0,-0.003898561,-0.0477004,-0.108885795,-0.013906833,-0.017751824,0.0,0.0
4161,0.028058846,0.0015937027,-1.3925952,0.0,-0.028983848,-0.037107635,-0.15844736,-0.013114486,-0.02667013,0.0,0.0
4165,-0.029776884,-0.014516251,-1.3765603,0.0,0.07088531,-0.08643355,-0.14705452,-0.023889696,-0.016578307,0.0,0.0
4174,-0.010038731,-0.006654859,-1.4015535,0.0,-0.018293604,-0.04521312,-0.10839794,-0.011904416,-0.02520979,0.0,0.0
4183,-0.004016823,-0.012189975,-1.3634738,0.0,0.08051874,-0.08271879,-0.1997109,-0.026419064,-0.015913729,0.0,0.0
4191,-0.009252007,-0.0065285317,-1.3739609,0.0,-0.023453612,-0.039589126,-0.1375193,-0.013214602,-0.02374813,0.0,0.0
4194,0.03153229,0.00034413853,-1.3993722,0.0,-0.017130403,-0.027873268,-0.1885614,0.00090261124,-0.027107826,0.0,0.0
4198,0.023177372,-0.005510299,-1.4026495,0.0,-0.030577937,-0.024697552,-0.14590758,-0.013231316,-0.027869247,0.0,0.0
4205,0.016285893,-0.011057439,-1.4283153,0.0,-0.03521988,-0.028513255,-0.10721058,-0.005067139,-0.02816828,0.0,0.0
4210,0.016285893,-0.011057439,-1.4286475,0.0,-0.034126133,-0.028178224,-0.10611683,-0.0072575435,-0.02816828,0.0,0.0
4211,0.027251152,0.0015937027,-1.3866618,0.0,0.00029179198,-0.04177644,-0.19134119,-0.011648137,-0.024975138,0.0,0.0
4217,-0.010038731,-0.007520761,-1.3987677,0.0,-0.01696229,-0.04502223,-0.10509968,-0.011896914,-0.031957883,0.0,0.0
4219,-0.0073650843,-0.029132342,-1.3852268,0.0,0.07329458,-0.06172908,-0.19667386,-0.0016888978,-0.015402733,0.0,0.0
4222,0.03205815,0.0065858527,-1.3958911,0.0,-0.019992536,-0.031936727,-0.18334147,0.00041637575,-0.03516469,0.0,0.0
4223,0.030160887,0.0036571845,-1.3787725,0.0,0.019808926,-0.054206356,-0.20485093,-0.011487852,-0.03157547,0.0,0.0
4225,0.023662133,-0.009207212,-1.391321,0.0,-0.04349206,-0.032315087,-0.13184243,0.016388824,-0.034998525,0.0,0.0
4226,0.030160887,0.008578168,-1.3761859,0.0,0.018485136,-0.053142026,-0.21215796,-0.0114290295,-0.03157547,0.0,0.0
4230,-0.003383095,-0.0032996177,-1.4013522,0.0,-0.038108964,-0.042954262,-0.09015818,-0.012258724,-0.035750926,0.0,0.0
4239,-0.03248408,-0.014421911,-1.3773733,0.0,0.06866905,-0.08643355,-0.14068636,-0.023930995,-0.017262958,0.0,0.0
4252,-0.03996524,-0.022085544,-1.3587923,0.0,0.1760414,-0.09483153,-0.24173205,-0.02396266,-0.018596258,0.0,0.0
4255,0.01696936,-0.011057439,-1.4253967,0.0,-0.034508865,-0.028513255,-0.101204544,-0.005067139,-0.038487516,0.0,0.0
4256,-0.01633536,-0.005690291,-1.410197,0.0,-0.02010505,-0.044787217,-0.09054845,-0.015094419,-0.024508446,0.0,0.0
4259,-0.009355264,-0.007520761,-1.3984556,0.0,-0.01696229,-0.04502223,-0.1038327,-0.011896914,-0.03422025,0.0,0.0
4262,0.03386773,0.009489527,-1.3780329,0.0,0.0024275773,-0.038185712,-0.21140523,-0.011589315,-0.03383784,0.0,0.0
4264,-0.015821476,0.0041052564,-1.4053632,0.0,-0.046741392,-0.03388287,-0.11467101,0.0024773097,-0.017368725,0.0,0.0
4271,-0.0065365955,0.016296132,-1.3557546,0.0,0.09847679,-0.1354582,-0.19809012,-0.02625917,-0.016598377,0.0,0.0
4274,-0.0026649884,0.0004896387,-1.3966273,0.0,-0.036525592,-0.0725283,-0.17923653,0.10177392,-0.037511297,0.0,0.0
4278,-0.0029705756,-0.006654859,-1.4026496,0.0,-0.038206775,-0.042219963,-0.08697324,-0.013370764,-0.03422025,0.0,0.0
4282,-0.009705307,-0.006785778,-1.3781189,0.0,0.0023916445,-0.03138639,-0.15135121,-0.026999779,-0.021084104,0.0,0.0
4285,0.030586915,-0.0011699309,-1.391123,0.0,-0.03426901,-0.03766013,-0.14423683,-0.011205604,-0.03818848,0.0,0.0
4287,-0.0032529917,-0.006654859,-1.4023948,0.0,-0.035979148,-0.042219963,-0.0860218,-0.013370764,-0.037371777,0.0,0.0
4288,-0.0028057096,-0.0027713848,-1.3994553,0.0,-0.047708914,-0.025866425,-0.12095383,0.0038527255,-0.031557277,0.0,0.0
4294,0.01696936,-0.011057439,-1.4253967,0.0,-0.034508865,-0.028513255,-0.101204544,-0.005067139,-0.038487516,0.0,0.0
4295,0.024345601,-0.009207212,-1.4062554,0.0,-0.03697262,-0.029722553,-0.13671058,0.016388824,-0.037573595,0.0,0.0
4297,0.024911245,0.0045225336,-1.3785081,0.0,0.019925075,-0.054726973,-0.20306122,-0.00634303,-0.0339856,0.0,0.0
4299,0.028742313,0.009489527,-1.3851639,0.0,-0.026621778,-0.035192557,-0.16847457,-0.013055664,-0.036989365,0.0,0.0
4302,0.029078994,0.0015937027,-1.4006741,0.0,-0.029489452,-0.024812704,-0.15206689,-0.012707113,-0.03818848,0.0,0.0
4303,-0.01633536,-0.005690291,-1.410197,0.0,-0.02010505,-0.044787217,-0.09054845,-0.015094419,-0.024508446,0.0,0.0
4306,0.022097325,-0.001831908,-1.4016991,0.0,-0.039208494,-0.028281745,-0.15131417,0.022104051,-0.037573595,0.0,0.0
4311,0.02525675,-0.0011699309,-1.3927016,0.0,-0.03469115,-0.03933578,-0.13417195,-0.012116031,-0.03833624,0.0,0.0
4318,-0.0042313784,-0.012189975,-1.363655,0.0,0.080201216,-0.08271879,-0.19831286,-0.026419064,-0.016598377,0.0,0.0
4320,0.011458586,-0.012452767,-1.3999231,0.0,0.012211598,-0.030231213,-0.15535146,-0.029364008,-0.019387407,0.0,0.0
4329,-0.00084892265,-0.02971928,-1.3473021,0.0,0.08057933,-0.0566508,-0.22853704,-0.024721414,-0.016723897,0.0,0.0
4331,-0.05032194,-0.010118096,-1.3581972,0.0,0.13939896,-0.034484394,-0.27041548,-0.01847978,-0.020421924,0.0,0.0
4335,0.02370684,-0.005510299,-1.3999345,0.0,-0.02984005,-0.024697552,-0.14005554,-0.012746505,-0.03818848,0.0,0.0
4337,-0.031490095,-0.010958166,-1.3823777,0.0,0.06914074,-0.08617947,-0.14446124,-0.020335227,-0.017262958,0.0,0.0
4343,0.027125238,0.009856199,-1.4056418,0.0,-0.044514947,-0.028598404,-0.16281785,0.019290011,-0.037529066,0.0,0.0
4347,0.05884751,-0.001601631,-1.3846228,0.0,-0.0536392,-0.026786722,-0.1719978,-0.013774819,-0.033690635,0.0,0.0
4348,0.01696936,-0.011057439,-1.4253967,0.0,-0.034508865,-0.028513255,-0.101204544,-0.005067139,-0.038487516,0.0,0.0
4349,-0.012387215,0.002439715,-1.3905419,0.0,-0.046149958,-0.032891236,-0.11524066,-0.014250621,-0.018244065,0.0,0.0
4350,-0.009355264,-0.005789509,-1.3974845,0.0,-0.017692726,-0.044058084,-0.11190601,-0.0067595956,-0.03422025,0.0,0.0
4351,-0.012087471,0.002439715,-1.3906158,0.0,-0.046535227,-0.032891236,-0.115381,-0.014250621,-0.017944321,0.0,0.0
4352,-0.0065365955,0.017075457,-1.3556484,0.0,0.098555945,-0.13610311,-0.19825001,-0.026419064,-0.016598377,0.0,0.0
4353,0.027056871,0.0108819455,-1.4101522,0.0,-0.04729914,-0.026693862,-0.15896812,0.020041902,-0.037697837,0.0,0.0
4358,-0.005169124,-0.0034849711,-1.3668667,0.0,-0.032192796,-0.07169115,-0.20626357,0.09988135,-0.037043497,0.0,0.0
4360,-0.001318869,-0.02831512,-1.3241059,0.0,0.21095443,-0.10596853,-0.33294815,-0.024164867,-0.018057194,0.0,0.0
4361,-0.0026996282,-0.0035107983,-1.4010692,0.0,-0.038028996,-0.04287429,-0.088811226,-0.012258724,-0.038013294,0.0,0.0
4363,0.030586915,-0.0011699309,-1.391123,0.0,-0.03426901,-0.03766013,-0.14423683,-0.011205604,-0.03818848,0.0,0.0
4364,0.01696936,-0.011057439,-1.4253967,0.0,-0.034508865,-0.028513255,-0.101204544,-0.005067139,-0.038487516,0.0,0.0
4365,0.01696936,-0.011057439,-1.4253967,0.0,-0.034508865,-0.028513255,-0.101204544,-0.005067139,-0.038487516,0.0,0.0
4367,0.023860838,-0.005510299,-1.3896104,0.0,-0.027799876,-0.036992483,-0.13990153,-0.013123817,-0.03818848,0.0,0.0
4371,-0.0042313784,-0.012189975,-1.363655,0.0,0.080201216,-0.08271879,-0.19831286,-0.026419064,-0.016598377,0.0,0.0
4372,0.027947104,0.0045225336,-1.3819466,0.0,0.002784779,-0.040133297,-0.2001349,-0.006320055,-0.0339856,0.0,0.0
4375,-0.00934278,-0.0066554104,-1.3971183,0.0,-0.016594611,-0.043867197,-0.112868994,-0.0065983864,-0.03422025,0.0,0.0
4380,0.027947104,0.0045225336,-1.3819466,0.0,0.002784779,-0.040133297,-0.2001349,-0.006320055,-0.0339856,0.0,0.0
4381,0.029078994,0.0015937027,-1.3905538,0.0,-0.02742241,-0.037107635,-0.15206689,-0.012599614,-0.03818848,0.0,0.0
4382,-0.00084892265,-0.032296054,-1.3595179,0.0,0.07932334,-0.06413734,-0.20500188,-0.024721414,-0.016723897,0.0,0.0
4383,-0.029991439,-0.014727432,-1.3767704,0.0,0.07064776,-0.086353585,-0.1455765,-0.023889696,-0.017262958,0.0,0.0
4384,0.024399707,-0.009207212,-1.4183918,0.0,-0.028485933,-0.028703226,-0.14105615,0.01644293,-0.03782867,0.0,0.0
4385,-0.00934278,-0.005789509,-1.3974566,0.0,-0.017789803,-0.044058084,-0.11200309,-0.0066058883,-0.03422025,0.0,0.0
4386,0.016914131,-0.011057439,-1.4121783,0.0,0.036028057,-0.025597751,-0.16591337,-0.026992911,-0.03846863,0.0,0.0
4387,-0.029991439,-0.014516251,-1.3767416,0.0,0.070567794,-0.08643355,-0.14565648,-0.023889696,-0.017262958,0.0,0.0
4388,0.020526998,-0.011057439,-1.4143177,0.0,-0.03402022,-0.028513255,-0.116628855,-0.005067139,-0.03818848,0.0,0.0
4389,-0.0029580921,-0.005789509,-1.4013124,0.0,-0.037839096,-0.04106493,-0.09600953,-0.0080722375,-0.03422025,0.0,0.0
4390,-0.0016897421,-0.005455501,-1.4071878,0.0,-0.05596757,-0.02997346,-0.08311597,-0.0099507,-0.033925287,0.0,0.0
4391,0.024372455,0.0047499,-1.3949795,0.0,-0.046653014,-0.02602416,-0.1453688,-0.009672369,-0.033690635,0.0,0.0
4392,0.033880215,0.00879886,-1.3763382,0.0,0.0056453752,-0.037061214,-0.21944503,-0.008908189,-0.03383784,0.0,0.0
4393,0.027947104,0.0024590534,-1.382565,0.0,0.00079559395,-0.040621407,-0.19494633,-0.006349608,-0.0339856,0.0,0.0
4394,0.0020501444,0.02292469,-1.4175154,0.0,-0.014206767,-0.03214771,-0.14994675,4.2603642e-05,-0.038466975,0.0,0.0
4395,-0.0016897421,-0.005455501,-1.4071878,0.0,-0.05596757,-0.02997346,-0.08311597,-0.0099507,-0.033925287,0.0,0.0
4396,-0.001570829,0.003849984,-1.400667,0.0,-0.041619986,-0.046986606,-0.088065155,-0.013635669,-0.038570896,0.0,0.0
4397,0.0064572706,0.0012861169,-1.3907433,0.0,-0.03190452,-0.024809098,-0.19648643,0.05059946,-0.037230037,0.0,0.0
4398,-0.0055198716,-0.015503839,-1.3694311,0.0,0.053679787,-0.058058236,-0.18508762,-0.025588453,-0.018414829,0.0,0.0
4399,0.0017137248,0.032624666,-1.3863713,0.0,-0.023232993,-0.036643475,-0.15744866,-0.0003525007,-0.03785025,0.0,0.0
4403,-0.030114956,-0.00027303468,1.4942772,0.0,0.07698042,-0.026310178,0.085624054,0.009292808,0.026920713,0.0,0.0
4404,-0.031407896,-0.0100774765,1.5308908,0.0,0.06824061,-0.03512132,0.078360975,0.008590633,0.026920713,0.0,0.0
4405,-0.038663823,-0.00963337,-1.3687593,0.0,-0.042494453,-0.01706614,-0.05958492,0.013444972,0.09829639,0.0,0.0
4406,-0.014158083,0.00043177628,1.4440366,0.0,0.08549905,-0.018969908,0.09602131,0.01129682,0.032239404,0.0,0.0
4409,-0.028273819,-0.025196739,-1.37989,0.0,-0.19952805,-0.036068026,0.012999587,-0.010675756,0.04990705,0.0,0.0
4413,-0.016129998,-0.008737615,1.643249,0.0,-0.049052104,-0.00843239,0.046865184,-0.00034358673,0.02897865,0.0,0.0
4418,-0.016547779,-0.008923342,1.5424467,0.0,0.015566202,-0.0071364483,0.06435501,0.010292082,0.03634461,0.0,0.0
4424,-0.0073976107,-0.011773209,-1.3655537,0.0,-0.1972809,-0.06492734,-0.02746238,-0.011513872,0.069183335,0.0,0.0
4425,-0.056768198,-0.055536985,-1.37739,0.0,-0.1508569,-0.024212938,0.051311146,-0.009456983,0.052530363,0.0,0.0
4426,-0.013298264,-0.025196739,-1.3748231,0.0,-0.18520775,-0.03481579,-0.032350317,-0.017173193,0.066139564,0.0,0.0
4427,-0.06899809,-0.011751391,-1.362538,0.0,-0.095892034,-0.006547919,0.017042097,-0.03695255,0.045984417,0.0,0.0
4432,-0.017809732,-0.0074532824,1.5507466,0.0,0.01870989,-0.010048944,0.05580397,0.010330764,0.036117688,0.0,0.0
4435,-0.00844774,0.0036788261,1.6535051,0.0,-0.06499382,-0.0012514156,0.03294998,-0.0035459541,0.02450208,0.0,0.0
4436,-0.06351345,-0.05469864,-1.3090402,0.0,0.1346357,-0.10299831,0.13711974,0.045571722,0.08007091,0.0,0.0
4438,-0.016343962,0.02195062,1.4827062,0.0,0.03718933,-0.0039299666,0.057394464,0.02002466,0.037405647,0.0,0.0
4440,-0.026081523,0.0028175157,-1.3456808,0.0,-0.26682708,-0.0074158944,0.01258507,-0.010926304,0.051373467,0.0,0.0
4441,-0.008412985,-0.10657638,-1.2970524,0.0,-0.019607801,-0.083218284,0.07172011,0.0058477977,0.09946478,0.0,0.0
4448,-0.055806063,-0.05422121,-1.3615944,0.0,-0.15127334,-0.023879914,0.01765915,-0.008862128,0.06759754,0.0,0.0
4455,-0.063233025,-0.06116849,-1.3208903,0.0,0.062462617,-0.11829153,0.13052799,0.03181913,0.08019988,0.0,0.0
4460,-0.073892675,-0.0134801455,-1.111731,0.0,0.10172475,0.017793316,0.24839644,0.08513742,0.10459364,0.0,0.0
4462,-0.007676786,-0.011773209,-1.3429888,0.0,-0.20351394,-0.055755496,-0.028602937,-0.009027623,0.069183335,0.0,0.0
4463,-0.07395732,-0.013418858,-1.1117866,0.0,0.1019249,0.017793316,0.24805506,0.08533757,0.10459364,0.0,0.0
4484,-0.015300244,-0.005811276,1.6304969,0.0,-0.014704441,0.0012060541,0.025101798,-0.008640084,0.024048502,0.0,0.0
4486,-0.044134323,-0.07750633,-1.3078722,0.0,-0.0011567213,-0.031541117,0.05773854,0.015087386,0.052310124,0.0,0.0
4487,-0.07535116,-0.019278526,-1.3161507,0.0,-0.051597446,0.014804877,0.004510871,-0.047599185,0.046568137,0.0,0.0
4489,-0.013884525,-0.003522883,1.6703229,0.0,-0.054047912,-0.0047507524,0.019627253,-0.0005227368,0.023175739,0.0,0.0
4493,-0.0065845153,-0.008908765,-1.3733994,0.0,-0.08953928,-0.016696716,-0.10645702,-0.00043989212,0.08535084,0.0,0.0
4496,-0.05074484,-0.036611624,-1.223638,0.0,0.012879562,-0.09866503,0.111795425,0.003819405,0.053977344,0.0,0.0
4503,-0.026073117,0.005243851,-1.3531188,0.0,-0.2342978,-0.005269556,-0.015117411,-0.0066243513,0.045101717,0.0,0.0
4504,-0.078386724,-0.025485411,-1.3065543,0.0,-0.013387106,0.026561212,0.05034249,-0.00038968382,0.03152429,0.0,0.0
4505,-0.042206056,-0.05085491,-1.305067,0.0,-0.16661938,-0.05137583,0.03569446,-0.0077592554,0.03195202,0.0,0.0
4508,-0.056604613,-0.10091122,-1.1998564,0.0,0.27375382,0.059203636,0.08896371,-0.014540885,0.036808297,0.0,0.0
4509,-0.050233047,-0.048996873,-1.274945,0.0,0.0070007555,-0.090421066,0.07723785,-0.0040105134,0.048390053,0.0,0.0
4512,-0.042985655,-0.043450348,-1.3020023,0.0,-0.16958192,-0.056948204,0.02564251,-0.0025691814,0.035659276,0.0,0.0
4513,-0.074282,-0.038389593,-1.2619982,0.0,-0.021373073,-0.014198564,0.06508421,0.004587365,0.033418436,0.0,0.0
4516,-0.056802005,-0.016991511,-1.3316342,0.0,-0.16321439,-0.02594722,-0.024903428,-0.0022359914,0.04836055,0.0,0.0
4520,-0.05558185,-0.023734434,-1.3322502,0.0,-0.1549595,-0.022513261,-0.025391553,-0.0058314977,0.04689413,0.0,0.0
